ID,Name,City,Region,Applied,Admitted,Enrolled
ABRAHAM LINCOLN HIGH SCHOOL52910,ABRAHAM LINCOLN HIGH SCHOOL,San Francisco,San Francisco,213,34,22
ABRAHAM LINCOLN HIGH SCHOOL53075,ABRAHAM LINCOLN HIGH SCHOOL,San Jose,Santa Clara,60,12,4
ACAD MATH SCIENCE ENGINEERING310274,ACAD MATH SCIENCE ENGINEERING,Denville,NJ,20,4,3
ACADEMY OF THE CANYONS53262,ACADEMY OF THE CANYONS,Santa Clarita,Los Angeles,41,8,7
ACADEMY OUR LADY OF PEACE52820,ACADEMY OUR LADY OF PEACE,San Diego,San Diego,61,13,10
ACALANES HIGH SCHOOL51315,ACALANES HIGH SCHOOL,Lafayette,Contra Costa,93,15,9
ADITYA BIRLA WORLD ACADEMY671666,,,,23,3,3
ADOLFO CAMARILLO HIGH SCHOOL50438,ADOLFO CAMARILLO HIGH SCHOOL,Camarillo,Ventura,60,10,4
ADRIAN C WILCOX HIGH SCHOOL53276,ADRIAN C WILCOX HIGH SCHOOL,Santa Clara,Santa Clara,134,9,6
AFFILIATED HIGH SC PEKING UNIV694474,,,,47,4,3
AGOURA HIGH SCHOOL50003,AGOURA HIGH SCHOOL,Agoura Hills,Los Angeles,123,21,14
AIMS COLLEGE PREP HIGH SCHOOL54176,AIMS COLLEGE PREP HIGH SCHOOL,Oakland,Alameda,86,7,5
AITCHISON COLLEGE690220,,,,24,3,3
AL-BAYAN BILINGUAL SCHOOL683083,,,,15,4,4
ALAMEDA HIGH SCHOOL50005,ALAMEDA HIGH SCHOOL,Alameda,Alameda,196,20,11
ALBANY HIGH SCHOOL50035,ALBANY HIGH SCHOOL,Albany,Alameda,137,23,16
ALEXANDER HAMILTON HIGH SCHOOL51525,ALEXANDER HAMILTON HIGH SCHOOL,Los Angeles,Los Angeles,134,15,6
ALHAMBRA HIGH SCHOOL50050,ALHAMBRA HIGH SCHOOL,Alhambra,Los Angeles,127,17,12
ALISAL HIGH SCHOOL52742,ALISAL HIGH SCHOOL,Salinas,Monterey,93,13,6
ALISO NIGUEL HIGH SCHOOL51324,ALISO NIGUEL HIGH SCHOOL,Aliso Viejo,Orange,128,8,4
ALLEN HIGH SCHOOL440077,ALLEN HIGH SCHOOL,Allen,TX,66,6,3
ALLIANCE TED K TAJIMA HIGH SCH54513,ALLIANCE TED K TAJIMA HIGH SCH,Los Angeles,Los Angeles,41,8,5
ALPHA CINDY AVITIA HIGH SCHOOL54869,ALPHA CINDY AVITIA HIGH SCHOOL,San Jose,Santa Clara,30,5,4
ALSION MONTESSORI MIDDLE/HIGH53989,ALSION MONTESSORI MIDDLE/HIGH,Fremont,Alameda,13,4,3
ALTA LOMA HIGH SCHOOL50077,ALTA LOMA HIGH SCHOOL,Alta Loma,San Bernardino,41,8,5
AMADOR VALLEY HIGH SCHOOL52495,AMADOR VALLEY HIGH SCHOOL,Pleasanton,Alameda,291,36,25
AMBASSADOR SCHL GLOBAL LDRSHP51776,AMBASSADOR SCHL GLOBAL LDRSHP,Los Angeles,Los Angeles,13,3,3
AMERICAN CANYON HIGH SCHOOL54406,AMERICAN CANYON HIGH SCHOOL,American Canyon,Napa,50,9,7
AMERICAN EMBASSY SCHOOL671800,,,,21,4,4
AMERICAN HIGH SCHOOL50974,AMERICAN HIGH SCHOOL,Fremont,Alameda,341,27,19
ANALY HIGH SCHOOL53345,ANALY HIGH SCHOOL,Sebastopol,Sonoma,43,5,3
ANDREW P HILL HIGH SCHOOL53077,ANDREW P HILL HIGH SCHOOL,San Jose,Santa Clara,46,7,4
ANGELO RODRIGUEZ HIGH SCHOOL50919,ANGELO RODRIGUEZ HIGH SCHOOL,Fairfield,Solano,97,13,9
ANIMO LEADERSHIP CHARTER HS51257,ANIMO LEADERSHIP CHARTER HS,Inglewood,Los Angeles,41,14,5
ANTELOPE HIGH SCHOOL54250,ANTELOPE HIGH SCHOOL,Antelope,Sacramento,49,6,4
APTOS HIGH SCHOOL50119,APTOS HIGH SCHOOL,Aptos,Santa Cruz,48,5,3
AQUINAS HIGH SCHOOL52772,AQUINAS HIGH SCHOOL,San Bernardino,San Bernardino,30,7,6
ARAGON HIGH SCHOOL53163,ARAGON HIGH SCHOOL,San Mateo,San Mateo,167,36,26
ARCADIA HIGH SCHOOL50130,ARCADIA HIGH SCHOOL,Arcadia,Los Angeles,305,38,28
ARCATA HIGH SCHOOL50135,ARCATA HIGH SCHOOL,Arcata,Humboldt,34,7,3
ARCHBISHOP MITTY HIGH SCHOOL53078,ARCHBISHOP MITTY HIGH SCHOOL,San Jose,Santa Clara,189,29,16
ARCHIE WILLIAMS HIGH SCHOOL52770,ARCHIE WILLIAMS HIGH SCHOOL,San Anselmo,Marin,104,19,10
ARMIJO HIGH SCHOOL50910,ARMIJO HIGH SCHOOL,Fairfield,Solano,56,8,5
ARNOLD O BECKMAN HIGH SCHOOL51267,ARNOLD O BECKMAN HIGH SCHOOL,Irvine,Orange,278,45,19
ARROYO GRANDE HIGH SCHOOL50150,ARROYO GRANDE HIGH SCHOOL,Arroyo Grande,San Luis Obispo,58,15,9
ARROYO HIGH SCHOOL50830,ARROYO HIGH SCHOOL,El Monte,Los Angeles,43,8,5
ARROYO HIGH SCHOOL53125,ARROYO HIGH SCHOOL,San Lorenzo,Alameda,89,9,5
ARTESIA HIGH SCHOOL50155,ARTESIA HIGH SCHOOL,Lakewood,Los Angeles,22,6,3
ARVIN HIGH SCHOOL50160,ARVIN HIGH SCHOOL,Arvin,Kern,30,5,3
ASPIRE LIONEL WILSON COLG PREP51761,ASPIRE LIONEL WILSON COLG PREP,Oakland,Alameda,17,3,3
ATHENIAN SCHOOL50724,ATHENIAN SCHOOL,Danville,Contra Costa,40,6,5
BAKERSFIELD HIGH SCHOOL50205,BAKERSFIELD HIGH SCHOOL,Bakersfield,Kern,25,5,4
BALBOA HIGH SCHOOL52916,BALBOA HIGH SCHOOL,San Francisco,San Francisco,107,13,10
BASIS INDEPENDENT SILICON VLY54776,BASIS INDEPENDENT SILICON VLY,San Jose,Santa Clara,111,15,9
BAY SCHOOL OF SAN FRANCISCO53985,BAY SCHOOL OF SAN FRANCISCO,San Francisco,San Francisco,29,4,3
BEAUMONT HIGH SCHOOL50240,BEAUMONT HIGH SCHOOL,Beaumont,Riverside,45,8,4
BEIJING NATIONAL DAY SCHOOL694342,,,,208,6,5
BELL HIGH SCHOOL50245,BELL HIGH SCHOOL,Bell,Los Angeles,67,23,6
BELLARMINE COLLEGE PREPARATORY53080,BELLARMINE COLLEGE PREPARATORY,San Jose,Santa Clara,149,10,3
BELLEVUE SENIOR HIGH SCHOOL480070,BELLEVUE SENIOR HIGH SCHOOL,Bellevue,WA,130,9,5
BELLFLOWER HIGH SCHOOL50255,BELLFLOWER HIGH SCHOOL,Bellflower,Los Angeles,18,6,5
BELMONT HIGH SCHOOL51540,BELMONT HIGH SCHOOL,Los Angeles,Los Angeles,9,4,3
BENICIA HIGH SCHOOL50280,BENICIA HIGH SCHOOL,Benicia,Solano,60,4,4
BENJAMIN FRANKLIN HIGH SCHOOL51550,BENJAMIN FRANKLIN HIGH SCHOOL,Los Angeles,Los Angeles,40,10,3
BENTLEY SCHOOL51300,BENTLEY SCHOOL,Lafayette,Contra Costa,44,8,4
BERKELEY HIGH SCHOOL50290,BERKELEY HIGH SCHOOL,Berkeley,Alameda,296,44,22
BEVERLY HILLS HIGH SCHOOL50320,BEVERLY HILLS HIGH SCHOOL,Beverly Hills,Los Angeles,84,14,5
BIRMINGHAM COMMUNITY HS53615,BIRMINGHAM COMMUNITY HS,Lake Balboa,Los Angeles,102,12,6
BISHOP ALEMANY HIGH SCHOOL52898,BISHOP ALEMANY HIGH SCHOOL,Mission Hills,Los Angeles,50,6,3
BISHOP AMAT MEMORIAL HS51362,BISHOP AMAT MEMORIAL HS,La Puente,Los Angeles,36,7,3
BISHOP MANOGUE CATHOLIC HS290140,BISHOP MANOGUE CATHOLIC HS,Reno,NV,12,4,3
BISHOP MONTGOMERY HIGH SCHOOL53512,BISHOP MONTGOMERY HIGH SCHOOL,Torrance,Los Angeles,65,11,3
BISHOP ODOWD HIGH SCHOOL52185,BISHOP ODOWD HIGH SCHOOL,Oakland,Alameda,155,29,14
BISHOPS SCHOOL51330,BISHOPS SCHOOL,La Jolla,San Diego,75,7,4
BOLSA GRANDE HIGH SCHOOL51028,BOLSA GRANDE HIGH SCHOOL,Garden Grove,Orange,63,8,3
BONITA VISTA HIGH SCHOOL50572,BONITA VISTA HIGH SCHOOL,Chula Vista,San Diego,94,17,7
BRANHAM HIGH SCHOOL53082,BRANHAM HIGH SCHOOL,San Jose,Santa Clara,109,9,7
BRANSON SCHOOL52695,BRANSON SCHOOL,Ross,Marin,31,10,5
BREA OLINDA HIGH SCHOOL50370,BREA OLINDA HIGH SCHOOL,Brea,Orange,83,6,3
BRENTWOOD SCHOOL51555,BRENTWOOD SCHOOL,Los Angeles,Los Angeles,55,6,3
BRONX HIGH SCHOOL OF SCIENCE333480,BRONX HIGH SCHOOL OF SCIENCE,Bronx,NY,68,9,3
BUHACH COLONY HIGH SCHOOL50181,BUHACH COLONY HIGH SCHOOL,Atwater,Merced,31,8,3
BULLARD HIGH SCHOOL50973,BULLARD HIGH SCHOOL,Fresno,Fresno,42,9,4
BURLINGAME HIGH SCHOOL50410,BURLINGAME HIGH SCHOOL,Burlingame,San Mateo,150,22,14
C K MCCLATCHY HIGH SCHOOL52705,C K MCCLATCHY HIGH SCHOOL,Sacramento,Sacramento,75,20,9
CA CONNECTION ACADEMY CAPISTRANO54092,CA CONNECTION ACADEMY CAPISTRANO,San Juan Capistrano,Orange,24,5,3
CA SCH ARTS SAN GABRIEL VALLEY52210,CA SCH ARTS SAN GABRIEL VALLEY,Duarte,Los Angeles,61,15,5
CAJON HIGH SCHOOL52773,CAJON HIGH SCHOOL,San Bernardino,San Bernardino,48,14,8
CALABASAS HIGH SCHOOL50421,CALABASAS HIGH SCHOOL,Calabasas,Los Angeles,150,23,12
CALIFORNIA ACAD MATH & SCIENCE50491,CALIFORNIA ACAD MATH & SCIENCE,Carson,Los Angeles,106,27,14
CALIFORNIA CROSSPOINT ACADEMY52191,CALIFORNIA CROSSPOINT ACADEMY,Hayward,Alameda,35,7,3
CALIFORNIA HIGH SCHOOL53229,CALIFORNIA HIGH SCHOOL,San Ramon,Contra Costa,281,11,6
CALIFORNIA HIGH SCHOOL53755,CALIFORNIA HIGH SCHOOL,Whittier,Los Angeles,85,20,9
CAMPBELL HALL52133,CAMPBELL HALL,Studio City,Los Angeles,65,16,8
CAMPOLINDO HIGH SCHOOL52058,CAMPOLINDO HIGH SCHOOL,Moraga,Contra Costa,131,23,11
CANYON CREST ACADEMY50893,CANYON CREST ACADEMY,San Diego,San Diego,355,36,16
CANYON HIGH SCHOOL52267,CANYON HIGH SCHOOL,Anaheim,Orange,110,17,6
CANYON HIGH SCHOOL53341,CANYON HIGH SCHOOL,Canyon Country,Los Angeles,42,6,5
CAPISTRANO VALLEY HIGH SCHOOL51968,CAPISTRANO VALLEY HIGH SCHOOL,Mission Viejo,Orange,100,12,7
CAPUCHINO HIGH SCHOOL52810,CAPUCHINO HIGH SCHOOL,San Bruno,San Mateo,63,10,6
CARLMONT HIGH SCHOOL50270,CARLMONT HIGH SCHOOL,Belmont,San Mateo,249,28,20
CARLSBAD HIGH SCHOOL50472,CARLSBAD HIGH SCHOOL,Carlsbad,San Diego,82,9,3
CARMEL HIGH SCHOOL50475,CARMEL HIGH SCHOOL,Carmel,Monterey,42,8,5
CARMEL HIGH SCHOOL150445,CARMEL HIGH SCHOOL,Carmel,IN,57,8,3
CASA GRANDE HIGH SCHOOL52448,CASA GRANDE HIGH SCHOOL,Petaluma,Sonoma,51,8,4
CASTLE PARK HIGH SCHOOL50573,CASTLE PARK HIGH SCHOOL,Chula Vista,San Diego,28,8,5
CASTRO VALLEY HIGH SCHOOL50500,CASTRO VALLEY HIGH SCHOOL,Castro Valley,Alameda,224,17,11
CATHEDRAL CATHOLIC H S52896,CATHEDRAL CATHOLIC H S,San Diego,San Diego,120,18,8
CATHEDRAL CITY HIGH SCHOOL50508,CATHEDRAL CITY HIGH SCHOOL,Cathedral City,Riverside,33,11,4
CENTENNIAL HIGH SCHOOL50676,CENTENNIAL HIGH SCHOOL,Corona,Riverside,86,28,9
CENTRAL BUCKS HIGH SCHOOL EAST390488,CENTRAL BUCKS HIGH SCHOOL EAST,Doylestown,PA,21,3,3
CENTRAL VALLEY HIGH SCHOOL53988,CENTRAL VALLEY HIGH SCHOOL,Ceres,Stanislaus,42,8,4
CERRITOS HIGH SCHOOL50527,CERRITOS HIGH SCHOOL,Cerritos,Los Angeles,168,26,15
CESAR E CHAVEZ HIGH SCHOOL50841,CESAR E CHAVEZ HIGH SCHOOL,Delano,Kern,29,7,6
CHADWICK INTERNATIONAL SCHOOL682171,,,,48,8,5
CHADWICK SCHOOL52680,CHADWICK SCHOOL,Palos Verdes Estate,Los Angeles,41,12,8
CHAFFEY HIGH SCHOOL52275,CHAFFEY HIGH SCHOOL,Ontario,San Bernardino,46,8,5
CHAMINADE COLLEGE PREPARATORY51565,CHAMINADE COLLEGE PREPARATORY,West Hills,Los Angeles,123,9,5
CHAPARRAL HIGH SCHOOL53539,CHAPARRAL HIGH SCHOOL,Temecula,Riverside,81,11,9
CHEONGSHIM INTERNATIONAL ACAD682029,,,,32,5,3
CHINO HILLS HIGH SCHOOL50564,CHINO HILLS HIGH SCHOOL,Chino Hills,San Bernardino,104,23,17
CHRISTOPHER HIGH SCHOOL54364,CHRISTOPHER HIGH SCHOOL,Gilroy,Santa Clara,51,6,3
CLAREMONT HIGH SCHOOL50590,CLAREMONT HIGH SCHOOL,Claremont,Los Angeles,98,25,10
CLASSICAL ACADEMY HIGH SCHOOL54194,CLASSICAL ACADEMY HIGH SCHOOL,Escondido,San Diego,25,7,5
CLAYTON VALLEY HIGH SCHOOL50658,CLAYTON VALLEY HIGH SCHOOL,Concord,Contra Costa,103,10,3
CLEVELAND HIGH SCHOOL52618,CLEVELAND HIGH SCHOOL,Reseda,Los Angeles,137,26,12
CLOVIS EAST HIGH SCHOOL50622,CLOVIS EAST HIGH SCHOOL,Clovis,Fresno,49,5,3
CLOVIS NORTH HIGH SCHOOL50628,CLOVIS NORTH HIGH SCHOOL,Fresno,Fresno,105,19,8
COLISEUM COLLEGE PREP ACADEMY54412,COLISEUM COLLEGE PREP ACADEMY,Oakland,Alameda,23,4,4
COLLEGE PARK HIGH SCHOOL50659,COLLEGE PARK HIGH SCHOOL,Pleasant Hill,Contra Costa,83,9,5
COMPTON EARLY COLLEGE54865,COMPTON EARLY COLLEGE,Compton,Los Angeles,27,5,3
CONCORD HIGH SCHOOL50657,CONCORD HIGH SCHOOL,Concord,Contra Costa,37,5,4
CONVENT OF THE SACRED HEART HS52935,CONVENT OF THE SACRED HEART HS,San Francisco,San Francisco,20,8,3
CORONA DEL MAR HIGH SCHOOL52128,CORONA DEL MAR HIGH SCHOOL,Newport Beach,Orange,122,25,15
CORONA HIGH SCHOOL50675,CORONA HIGH SCHOOL,Corona,Riverside,38,8,5
CORONADO HIGH SCHOOL50680,CORONADO HIGH SCHOOL,Coronado,San Diego,67,4,4
COSTA MESA HIGH SCHOOL50683,COSTA MESA HIGH SCHOOL,Costa Mesa,Orange,25,4,3
COSUMNES OAKS HIGH SCHOOL54204,COSUMNES OAKS HIGH SCHOOL,Elk Grove,Sacramento,89,10,6
CREAN LUTHERAN HIGH SCHOOL51298,CREAN LUTHERAN HIGH SCHOOL,Irvine,Orange,82,6,4
CREDO HIGH SCHOOL54502,CREDO HIGH SCHOOL,Rohnert Park,Sonoma,23,4,4
CRESCENTA VALLEY HIGH SCHOOL51313,CRESCENTA VALLEY HIGH SCHOOL,La Crescenta,Los Angeles,198,31,18
CROSSROADS SCHOOL53307,CROSSROADS SCHOOL,Santa Monica,Los Angeles,58,11,4
CRYSTAL SPRINGS UPLANDS SCH51173,CRYSTAL SPRINGS UPLANDS SCH,Hillsborough,San Mateo,49,9,7
CULVER CITY HIGH SCHOOL50715,CULVER CITY HIGH SCHOOL,Culver City,Los Angeles,129,16,14
CUPERTINO HIGH SCHOOL50718,CUPERTINO HIGH SCHOOL,Cupertino,Santa Clara,356,35,25
CYPRESS HIGH SCHOOL50714,CYPRESS HIGH SCHOOL,Cypress,Orange,112,11,3
DA VINCI COMMUNICATIONS HS54794,DA VINCI COMMUNICATIONS HS,El Segundo,Los Angeles,33,8,4
DAMIEN HIGH SCHOOL52502,DAMIEN HIGH SCHOOL,La Verne,Los Angeles,32,9,4
DARIEN HIGH SCHOOL70145,DARIEN HIGH SCHOOL,Darien,CT,25,4,3
DAVIS SENIOR HIGH SCHOOL50730,DAVIS SENIOR HIGH SCHOOL,Davis,Yolo,213,20,10
DE ANZA HIGH SCHOOL52625,DE ANZA HIGH SCHOOL,Richmond,Contra Costa,77,12,10
DE LA SALLE HIGH SCHOOL50662,DE LA SALLE HIGH SCHOOL,Concord,Contra Costa,45,4,3
DE TOLEDO HIGH SCHOOL53748,DE TOLEDO HIGH SCHOOL,West Hills,Los Angeles,44,14,7
DEL MAR HIGH SCHOOL53083,DEL MAR HIGH SCHOOL,San Jose,Santa Clara,39,7,4
DEL NORTE HIGH SCHOOL54351,DEL NORTE HIGH SCHOOL,San Diego,San Diego,245,27,15
DEL ORO HIGH SCHOOL51507,DEL ORO HIGH SCHOOL,Loomis,Placer,37,5,3
DELHI PUBLIC SCHOOL R K PURAM671830,,,,77,3,3
DESIGN TECH HIGH SCHOOL54814,DESIGN TECH HIGH SCHOOL,Redwood City,San Mateo,68,11,5
DIAMOND BAR HIGH SCHOOL50748,DIAMOND BAR HIGH SCHOOL,Diamond Bar,Los Angeles,263,62,34
DIAMOND RANCH HIGH SCHOOL52516,DIAMOND RANCH HIGH SCHOOL,Pomona,Los Angeles,50,11,8
DOMINGUEZ SENIOR HIGH SCHOOL50652,DOMINGUEZ SENIOR HIGH SCHOOL,Compton,Los Angeles,46,14,3
DOS PUEBLOS HIGH SCHOOL53252,DOS PUEBLOS HIGH SCHOOL,Goleta,Santa Barbara,116,22,12
DOUGHERTY VALLEY HIGH SCHOOL53218,DOUGHERTY VALLEY HIGH SCHOOL,San Ramon,Contra Costa,547,67,34
DOWNEY HIGH SCHOOL50770,DOWNEY HIGH SCHOOL,Downey,Los Angeles,87,12,5
DOWNTOWN COLG PREP EL PRIMERO53164,DOWNTOWN COLG PREP EL PRIMERO,San Jose,Santa Clara,22,4,3
DOWNTOWN MAGNETS HIGH SCHOOL51576,DOWNTOWN MAGNETS HIGH SCHOOL,Los Angeles,Los Angeles,65,15,8
DR RICHARD VLADOVIC HARBOR ACA53747,DR RICHARD VLADOVIC HARBOR ACA,Wilmington,Los Angeles,49,8,3
DR TJ OWENS GILROY EARLY COLG51228,DR TJ OWENS GILROY EARLY COLG,Gilroy,Santa Clara,40,6,4
DUARTE HIGH SCHOOL50783,DUARTE HIGH SCHOOL,Duarte,Los Angeles,15,5,4
DUBAI AMERICAN ACADEMY697012,,,,26,3,3
DUBLIN HIGH SCHOOL50784,DUBLIN HIGH SCHOOL,Dublin,Alameda,363,37,23
EAGLE ROCK HIGH SCHOOL51580,EAGLE ROCK HIGH SCHOOL,Los Angeles,Los Angeles,89,27,13
EASTLAKE HIGH SCHOOL480548,EASTLAKE HIGH SCHOOL,Sammamish,WA,114,9,3
EDISON HIGH SCHOOL50980,EDISON HIGH SCHOOL,Fresno,Fresno,108,18,7
EDISON HIGH SCHOOL51218,EDISON HIGH SCHOOL,Huntington Beach,Orange,68,12,6
EDWARD R ROYBAL LEARNING CNTR51862,EDWARD R ROYBAL LEARNING CNTR,Los Angeles,Los Angeles,17,5,3
EL CAMINO HIGH SCHOOL53648,EL CAMINO HIGH SCHOOL,Ventura,Ventura,11,4,3
EL CAMINO HIGH53413,EL CAMINO HIGH,South San Francisco,San Mateo,71,12,7
EL CAMINO REAL CHARTER HIGH SC53801,EL CAMINO REAL CHARTER HIGH SC,Woodland Hills,Los Angeles,147,16,5
EL CAPITAN HIGH SCHOOL54697,EL CAPITAN HIGH SCHOOL,Merced,Merced,45,10,6
EL CERRITO HIGH SCHOOL50815,EL CERRITO HIGH SCHOOL,El Cerrito,Contra Costa,112,24,16
EL DIAMANTE HIGH SCHOOL53699,EL DIAMANTE HIGH SCHOOL,Visalia,Tulare,33,7,4
EL DORADO HIGH SCHOOL52478,EL DORADO HIGH SCHOOL,Placentia,Orange,55,10,3
EL RANCHO HIGH SCHOOL52655,EL RANCHO HIGH SCHOOL,Pico Rivera,Los Angeles,59,8,4
EL SEGUNDO HIGH SCHOOL50845,EL SEGUNDO HIGH SCHOOL,El Segundo,Los Angeles,91,9,6
EL TORO HIGH SCHOOL51974,EL TORO HIGH SCHOOL,Lake Forest,Orange,72,6,5
ELEANOR ROOSEVELT HIGH SCHOOL54078,ELEANOR ROOSEVELT HIGH SCHOOL,Eastvale,Riverside,163,27,16
ENCINAL HIGH SCHOOL50015,ENCINAL HIGH SCHOOL,Alameda,Alameda,60,6,3
ENVIRONMENTAL CHARTER HS51472,ENVIRONMENTAL CHARTER HS,Lawndale,Los Angeles,43,11,7
ENVISION ACAD ARTS/TECHNOLOGY54285,ENVISION ACAD ARTS/TECHNOLOGY,Oakland,Alameda,24,5,5
ESPERANZA COLLEGE PREP51633,ESPERANZA COLLEGE PREP,Los Angeles,Los Angeles,35,10,3
ESTANCIA HIGH SCHOOL50684,ESTANCIA HIGH SCHOOL,Costa Mesa,Orange,20,6,4
ETIWANDA HIGH SCHOOL50888,ETIWANDA HIGH SCHOOL,Etiwanda,San Bernardino,75,9,4
EVANSTON TOWNSHIP HIGH SCHOOL141860,EVANSTON TOWNSHIP HIGH SCHOOL,Evanston,IL,43,8,3
EVERETT ALVAREZ HIGH SCHOOL52778,EVERETT ALVAREZ HIGH SCHOOL,Salinas,Monterey,57,14,4
EVERGREEN VALLEY HIGH SCHOOL53169,EVERGREEN VALLEY HIGH SCHOOL,San Jose,Santa Clara,311,42,31
EXPERIMENTAL BEIJING NORML UNV694301,,,,153,6,5
F BRAVO MEDICAL MAGNET HS51719,F BRAVO MEDICAL MAGNET HS,Los Angeles,Los Angeles,97,16,4
FAIRFAX HIGH SCHOOL51590,FAIRFAX HIGH SCHOOL,Los Angeles,Los Angeles,79,15,9
FAIRMONT PREPARATORY ACADEMY50103,FAIRMONT PREPARATORY ACADEMY,Anaheim,Orange,55,5,3
FAIRVIEW HIGH SCHOOL60118,FAIRVIEW HIGH SCHOOL,Boulder,CO,80,6,3
FLINTRIDGE PREPARATORY SCHOOL52375,FLINTRIDGE PREPARATORY SCHOOL,La Canada,Los Angeles,86,19,8
FLINTRIDGE SACRED HEART ACAD52380,FLINTRIDGE SACRED HEART ACAD,La Canada,Los Angeles,45,8,6
FLOYD B BUCHANAN HIGH SCHOOL50618,FLOYD B BUCHANAN HIGH SCHOOL,Clovis,Fresno,78,13,7
FONTANA HIGH SCHOOL50945,FONTANA HIGH SCHOOL,Fontana,San Bernardino,63,5,3
FOOTHILL HIGH SCHOOL52497,FOOTHILL HIGH SCHOOL,Pleasanton,Alameda,229,20,15
FOOTHILL HIGH SCHOOL53234,FOOTHILL HIGH SCHOOL,Santa Ana,Orange,102,9,4
FORT BRAGG HIGH SCHOOL50955,FORT BRAGG HIGH SCHOOL,Fort Bragg,Mendocino,13,4,4
FOUNTAIN VALLEY HIGH SCHOOL50964,FOUNTAIN VALLEY HIGH SCHOOL,Fountain Valley,Orange,168,14,7
FOWLER HIGH SCHOOL50967,FOWLER HIGH SCHOOL,Fowler,Fresno,26,7,3
FRANCIS W PARKER SCHOOL52843,FRANCIS W PARKER SCHOOL,San Diego,San Diego,54,14,6
FRANKLIN HIGH SCHOOL50824,FRANKLIN HIGH SCHOOL,Elk Grove,Sacramento,153,8,3
FREEDOM HIGH SCHOOL50372,FREEDOM HIGH SCHOOL,Oakley,Contra Costa,63,5,3
FREMONT HIGH SCHOOL52205,FREMONT HIGH SCHOOL,Oakland,Alameda,30,5,3
FREMONT HIGH SCHOOL53460,FREMONT HIGH SCHOOL,Sunnyvale,Santa Clara,149,13,12
FULLERTON UNION HIGH SCHOOL51010,FULLERTON UNION HIGH SCHOOL,Fullerton,Orange,49,13,4
GABRIELINO HIGH SCHOOL53062,GABRIELINO HIGH SCHOOL,San Gabriel,Los Angeles,132,15,11
GAHR HIGH SCHOOL50722,GAHR HIGH SCHOOL,Cerritos,Los Angeles,61,5,4
GALILEO ACAD OF SCIENCE & TECH52945,GALILEO ACAD OF SCIENCE & TECH,San Francisco,San Francisco,189,27,20
GARDEN GROVE HIGH SCHOOL51030,GARDEN GROVE HIGH SCHOOL,Garden Grove,Orange,76,12,3
GATEWAY HIGH SCHOOL52947,GATEWAY HIGH SCHOOL,San Francisco,San Francisco,59,10,3
GEFFEN ACADEMY AT UCLA51603,GEFFEN ACADEMY AT UCLA,Los Angeles,Los Angeles,44,16,5
GEORGE WASHINGTON HIGH SCHOOL52950,GEORGE WASHINGTON HIGH SCHOOL,San Francisco,San Francisco,202,25,22
GLEN A WILSON HIGH SCHOOL52694,GLEN A WILSON HIGH SCHOOL,Hacienda Heights,Los Angeles,86,17,8
GLENDORA HIGH SCHOOL51070,GLENDORA HIGH SCHOOL,Glendora,Los Angeles,54,10,6
GOLDEN VALLEY HIGH SCHOOL51953,GOLDEN VALLEY HIGH SCHOOL,Merced,Merced,37,10,5
GOLDEN VALLEY HIGH SCHOOL53871,GOLDEN VALLEY HIGH SCHOOL,Santa Clarita,Los Angeles,49,7,4
GONZAGA COLLEGE HIGH SCHOOL90085,GONZAGA COLLEGE HIGH SCHOOL,Washington,DC,12,4,3
GRANADA HIGH SCHOOL51423,GRANADA HIGH SCHOOL,Livermore,Alameda,78,4,4
GRANADA HILLS CHARTER HIGH SCH51088,GRANADA HILLS CHARTER HIGH SCH,Granada Hills,Los Angeles,312,37,24
GRANITE BAY HIGH SCHOOL51106,GRANITE BAY HIGH SCHOOL,Granite Bay,Placer,121,17,11
GRANITE HILLS HIGH SCHOOL52519,GRANITE HILLS HIGH SCHOOL,Porterville,Tulare,13,5,3
GREAT OAK HIGH SCHOOL53880,GREAT OAK HIGH SCHOOL,Temecula,Riverside,123,22,8
GREENWOOD HIGH SCHOOL671681,,,,42,4,3
GRETCHEN WHITNEY HIGH SCHOOL50526,GRETCHEN WHITNEY HIGH SCHOOL,Cerritos,Los Angeles,117,37,23
GUAJOME PARK ACADEMY52251,GUAJOME PARK ACADEMY,Vista,San Diego,20,3,3
GUANGZHOU FOREIGN LANGUAGE SCH694356,,,,77,4,4
HALF MOON BAY HIGH SCHOOL51120,HALF MOON BAY HIGH SCHOOL,Half Moon Bay,San Mateo,51,11,6
HAMILTON HIGH SCHOOL30062,HAMILTON HIGH SCHOOL,Chandler,AZ,71,8,4
HANFORD HIGH SCHOOL481002,HANFORD HIGH SCHOOL,Richland,WA,14,4,3
HANKUK ACAD OF FOREIGN STUDIES682011,,,,26,7,5
HARBOR HIGH SCHOOL53293,HARBOR HIGH SCHOOL,Santa Cruz,Santa Cruz,44,10,6
HARKER SCHOOL53142,HARKER SCHOOL,San Jose,Santa Clara,165,27,8
HARVARD-WESTLAKE SCHOOL52159,HARVARD-WESTLAKE SCHOOL,Studio City,Los Angeles,143,26,8
HAWTHORNE MATH & SCIENCE ACAD51122,HAWTHORNE MATH & SCIENCE ACAD,Hawthorne,Los Angeles,38,8,7
HAYWARD HIGH SCHOOL51150,HAYWARD HIGH SCHOOL,Hayward,Alameda,62,6,4
HEAD-ROYCE SCHOOL THE50285,HEAD-ROYCE SCHOOL THE,Oakland,Alameda,56,11,5
HECTOR GODINEZ FUNDAMENTAL HS54150,HECTOR GODINEZ FUNDAMENTAL HS,Santa Ana,Orange,66,12,3
HELIX HIGH SCHOOL51350,HELIX HIGH SCHOOL,La Mesa,San Diego,75,14,9
HENRY M GUNN SENIOR HIGH SCHL52347,HENRY M GUNN SENIOR HIGH SCHL,Palo Alto,Santa Clara,274,39,21
HENRY T GUNDERSON HIGH SCHOOL53088,HENRY T GUNDERSON HIGH SCHOOL,San Jose,Santa Clara,26,6,4
HERBERT HOOVER HIGH SCHOOL52850,HERBERT HOOVER HIGH SCHOOL,San Diego,San Diego,54,6,3
HERCULES HIGH SCHOOL51206,HERCULES HIGH SCHOOL,Hercules,Contra Costa,51,9,9
HERITAGE HIGH SCHOOL50386,HERITAGE HIGH SCHOOL,Brentwood,Contra Costa,118,10,6
HIGH SCH @RENMIN UNIV OF CHINA694270,,,,189,8,4
HIGH TECH HIGH CHULA VISTA54313,HIGH TECH HIGH CHULA VISTA,Chula Vista,San Diego,30,7,3
HIGH TECH HIGH MEDIA ARTS54054,HIGH TECH HIGH MEDIA ARTS,San Diego,San Diego,26,5,3
HIGH TECH HIGH SCHOOL52951,HIGH TECH HIGH SCHOOL,San Diego,San Diego,30,6,4
HIGHLAND HIGH SCHOOL52541,HIGHLAND HIGH SCHOOL,Palmdale,Los Angeles,38,5,4
HILLCREST HIGH SCHOOL54677,HILLCREST HIGH SCHOOL,Riverside,Riverside,38,6,3
HILLSDALE HIGH SCHOOL53165,HILLSDALE HIGH SCHOOL,San Mateo,San Mateo,106,22,9
HOLLYWOOD HIGH SCHOOL51615,HOLLYWOOD HIGH SCHOOL,Los Angeles,Los Angeles,51,9,5
HOMESTEAD HIGH SCHOOL53462,HOMESTEAD HIGH SCHOOL,Cupertino,Santa Clara,291,36,22
HONG KONG INTERNATIONAL SCHOOL670885,,,,97,12,6
HUENEME HIGH SCHOOL52298,HUENEME HIGH SCHOOL,Oxnard,Ventura,42,6,3
HUNTINGTON BEACH HIGH SCHOOL51220,HUNTINGTON BEACH HIGH SCHOOL,Huntington Beach,Orange,133,14,8
HUNTINGTON PARK INST APLD MED54667,HUNTINGTON PARK INST APLD MED,Huntington Park,Los Angeles,40,15,4
HWA CHONG INSTITUTION687210,,,,73,9,3
IMMACULATE CONCEPTION ACADEMY52955,IMMACULATE CONCEPTION ACADEMY,San Francisco,San Francisco,47,8,5
IMMACULATE HEART HIGH SCHOOL51625,IMMACULATE HEART HIGH SCHOOL,Los Angeles,Los Angeles,42,4,3
INDEPENDENCE HIGH SCHOOL53087,INDEPENDENCE HIGH SCHOOL,San Jose,Santa Clara,103,15,12
INDEPENDENCE HIGH SCHOOL54242,INDEPENDENCE HIGH SCHOOL,Bakersfield,Kern,29,6,4
INDEPENDENCE HIGH SCHOOL442626,INDEPENDENCE HIGH SCHOOL,Frisco,TX,43,8,3
INDERKUM HIGH SCHOOL53028,INDERKUM HIGH SCHOOL,Sacramento,Sacramento,105,5,3
INDUS INTERNATIONAL SCHOOL671069,,,,38,5,3
INTERNATIONAL COLLEGE BEIRUT685300,,,,28,6,4
INTERNATIONAL POLYTECHNIC HS52508,INTERNATIONAL POLYTECHNIC HS,Pomona,Los Angeles,18,6,4
INTERNATIONAL SCH KUALA LUMPUR686170,,,,26,7,5
INTERNATIONAL SCHOOL MANILA705720,,,,46,6,3
IRVINE HIGH SCHOOL51271,IRVINE HIGH SCHOOL,Irvine,Orange,167,9,5
IRVINGTON HIGH SCHOOL50968,IRVINGTON HIGH SCHOOL,Fremont,Alameda,337,33,22
JAMES A GARFIELD HIGH SCHOOL51635,JAMES A GARFIELD HIGH SCHOOL,Los Angeles,Los Angeles,64,14,7
JAMES C ENOCHS HIGH SCHOOL54043,JAMES C ENOCHS HIGH SCHOOL,Modesto,Stanislaus,39,10,5
JAMES LOGAN HIGH SCHOOL50969,JAMES LOGAN HIGH SCHOOL,Union City,Alameda,196,22,14
JAMES MONROE HIGH SCHOOL52902,JAMES MONROE HIGH SCHOOL,North Hills,Los Angeles,37,9,4
JAYSHREE PERIWAL INTERNATIONAL671639,,,,38,5,4
JEFFERSON HIGH SCHOOL50720,JEFFERSON HIGH SCHOOL,Daly City,San Mateo,64,8,4
JOHN BURROUGHS HIGH SCHOOL50400,JOHN BURROUGHS HIGH SCHOOL,Burbank,Los Angeles,99,21,10
JOHN C KIMBALL HIGH SCHOOL54375,JOHN C KIMBALL HIGH SCHOOL,Tracy,San Joaquin,60,8,5
JOHN F KENNEDY HIGH SCHOOL50379,JOHN F KENNEDY HIGH SCHOOL,La Palma,Orange,79,14,8
JOHN F KENNEDY HIGH SCHOOL50966,JOHN F KENNEDY HIGH SCHOOL,Fremont,Alameda,67,4,4
JOHN F KENNEDY HIGH SCHOOL51089,JOHN F KENNEDY HIGH SCHOOL,Granada Hills,Los Angeles,66,9,3
JOHN H FRANCIS POLYTECHNIC HS53467,JOHN H FRANCIS POLYTECHNIC HS,Sun Valley,Los Angeles,52,10,5
JOHN H PITMAN HIGH SCHOOL53644,JOHN H PITMAN HIGH SCHOOL,Turlock,Stanislaus,31,4,3
JOHN MARSHALL FUNDAMENTAL SCH52388,JOHN MARSHALL FUNDAMENTAL SCH,Pasadena,Los Angeles,44,12,3
JOHN W NORTH HIGH SCHOOL52661,JOHN W NORTH HIGH SCHOOL,Riverside,Riverside,59,13,5
JOHNS CREEK HIGH SCHOOL111866,JOHNS CREEK HIGH SCHOOL,Johns Creek,GA,28,5,3
JONES COLLEGE PREP140905,JONES COLLEGE PREP,Chicago,IL,41,7,3
JOSEPH A GREGORI HIGH SCHOOL52031,JOSEPH A GREGORI HIGH SCHOOL,Modesto,Stanislaus,62,21,11
JSERRA CATHOLIC HIGH SCHOOL53197,JSERRA CATHOLIC HIGH SCHOOL,San Juan Capistrano,Orange,70,5,4
JUMEIRAH COLLEGE697035,,,,24,3,3
JUNIPERO SERRA HIGH SCHOOL53180,JUNIPERO SERRA HIGH SCHOOL,San Mateo,San Mateo,52,14,7
KANG CHIAO BILINGUAL SCHOOL694291,,,,105,8,5
KAOHSIUNG AMERICAN SCHOOL694251,,,,24,5,3
KARACHI GRAMMAR SCHOOL690140,,,,56,7,4
KAZAKHSTAN990271,,,,22,6,5
KING DREW MAGNET HS MED/SCI51672,KING DREW MAGNET HS MED/SCI,Los Angeles,Los Angeles,81,18,9
KIPP KING COLLEGIATE HIGH SCH54231,KIPP KING COLLEGIATE HIGH SCH,San Lorenzo,Alameda,67,8,7
KOLEJ YAYASAN UEM686302,,,,30,7,5
KOREA INTERNATIONAL SCHOOL682376,,,,90,11,5
LA CANADA HIGH SCHOOL51312,LA CANADA HIGH SCHOOL,La Canada,Los Angeles,145,38,20
LA CENTER ENRICHED STUDIES51561,LA CENTER ENRICHED STUDIES,Los Angeles,Los Angeles,100,20,9
LA COSTA CANYON HIGH SCHOOL50858,LA COSTA CANYON HIGH SCHOOL,Carlsbad,San Diego,75,11,5
LA HABRA HIGH SCHOOL51325,LA HABRA HIGH SCHOOL,La Habra,Orange,36,10,3
LA JOLLA COUNTRY DAY SCHOOL51333,LA JOLLA COUNTRY DAY SCHOOL,La Jolla,San Diego,50,9,4
LA JOLLA HIGH51335,LA JOLLA HIGH,La Jolla,San Diego,149,24,12
LA MIRADA HIGH SCHOOL51352,LA MIRADA HIGH SCHOOL,La Mirada,Los Angeles,40,9,3
LA QUINTA HIGH SCHOOL51328,LA QUINTA HIGH SCHOOL,La Quinta,Riverside,41,8,4
LA SALLE HIGH SCHOOL52392,LA SALLE HIGH SCHOOL,Pasadena,Los Angeles,58,7,5
LA SERNA HIGH SCHOOL53756,LA SERNA HIGH SCHOOL,Whittier,Los Angeles,78,12,6
LAGUNA BEACH HIGH SCHOOL51320,LAGUNA BEACH HIGH SCHOOL,Laguna Beach,Orange,72,6,3
LAKE FOREST ACADEMY142525,LAKE FOREST ACADEMY,Lake Forest,IL,33,5,3
LAMBERT HIGH SCHOOL110927,LAMBERT HIGH SCHOOL,Suwanee,GA,40,10,3
LANCASTER HIGH SCHOOL51412,LANCASTER HIGH SCHOOL,Lancaster,Los Angeles,34,6,3
LANGLEY HIGH SCHOOL471393,LANGLEY HIGH SCHOOL,Mclean,VA,47,6,4
LAS LOMAS HIGH SCHOOL53680,LAS LOMAS HIGH SCHOOL,Walnut Creek,Contra Costa,126,8,6
LAUREL SPRINGS SCHOOL52256,LAUREL SPRINGS SCHOOL,Ojai,Ventura,57,8,5
LAWNDALE HIGH SCHOOL51431,LAWNDALE HIGH SCHOOL,Lawndale,Los Angeles,53,7,4
LEADERSHIP PUBLIC SCH HAYWARD51231,LEADERSHIP PUBLIC SCH HAYWARD,Hayward,Alameda,41,9,6
LEADERSHIP PUBLIC SCH RICHMOND53970,LEADERSHIP PUBLIC SCH RICHMOND,Richmond,Contra Costa,36,3,3
LEGACY COLLEGE PREP51935,LEGACY COLLEGE PREP,Santa Ana,Orange,11,3,3
LEIGH HIGH SCHOOL53092,LEIGH HIGH SCHOOL,San Jose,Santa Clara,98,13,6
LELAND HIGH SCHOOL53091,LELAND HIGH SCHOOL,San Jose,Santa Clara,232,36,24
LI PO CHUN UNITED WORLD COLL670880,,,,26,6,3
LIBERTY HIGH SCHOOL50196,LIBERTY HIGH SCHOOL,Bakersfield,Kern,44,5,3
LIBERTY HIGH SCHOOL50375,LIBERTY HIGH SCHOOL,Brentwood,Contra Costa,63,8,7
LICK WILMERDING HIGH SCHOOL52967,LICK WILMERDING HIGH SCHOOL,San Francisco,San Francisco,69,17,7
LIFE ACADEMY HIGH SCHOOL52212,LIFE ACADEMY HIGH SCHOOL,Oakland,Alameda,23,7,5
LINCOLN HIGH SCHOOL53430,LINCOLN HIGH SCHOOL,Stockton,San Joaquin,54,7,3
LIVERMORE HIGH SCHOOL51425,LIVERMORE HIGH SCHOOL,Livermore,Alameda,59,5,3
LIVINGSTON HIGH SCHOOL51430,LIVINGSTON HIGH SCHOOL,Livingston,Merced,28,8,3
LODI HIGH SCHOOL51441,LODI HIGH SCHOOL,Lodi,San Joaquin,24,5,3
LONG BEACH POLYTECHNIC HS51480,LONG BEACH POLYTECHNIC HS,Long Beach,Los Angeles,173,37,21
LOS ALAMITOS HIGH SCHOOL51508,LOS ALAMITOS HIGH SCHOOL,Los Alamitos,Orange,135,24,17
LOS ALTOS HIGH SCHOOL51360,LOS ALTOS HIGH SCHOOL,Hacienda Heights,Los Angeles,44,6,3
LOS ALTOS HIGH SCHOOL51510,LOS ALTOS HIGH SCHOOL,Los Altos,Santa Clara,247,38,20
LOS ANGELES CNTY HS FOR ARTS51677,LOS ANGELES CNTY HS FOR ARTS,Los Angeles,Los Angeles,32,10,3
LOS GATOS HIGH SCHOOL51855,LOS GATOS HIGH SCHOOL,Los Gatos,Santa Clara,218,12,5
LOS OSOS HIGH SCHOOL52987,LOS OSOS HIGH SCHOOL,Rancho Cucamonga,San Bernardino,157,37,19
LOWELL HIGH SCHOOL52970,LOWELL HIGH SCHOOL,San Francisco,San Francisco,522,79,40
LOYOLA HIGH SCHOOL51685,LOYOLA HIGH SCHOOL,Los Angeles,Los Angeles,146,21,13
LUTHERAN HIGH SCHL ORANGE CNTY52269,LUTHERAN HIGH SCHL ORANGE CNTY,Orange,Orange,66,7,4
LYCEE FRANCAIS DE SAN FRAN52971,LYCEE FRANCAIS DE SAN FRAN,San Francisco,San Francisco,32,7,5
LYNBROOK HIGH SCHOOL53463,LYNBROOK HIGH SCHOOL,San Jose,Santa Clara,333,40,27
MALIBU HIGH SCHOOL51896,MALIBU HIGH SCHOOL,Malibu,Los Angeles,45,8,4
MANARAT AL RIYADH INTRNTL SCHL692131,,,,19,4,3
MARANATHA HIGH SCHOOL52686,MARANATHA HIGH SCHOOL,Pasadena,Los Angeles,48,5,4
MARIA CARRILLO HIGH SCHOOL53386,MARIA CARRILLO HIGH SCHOOL,Santa Rosa,Sonoma,57,12,8
MARIN ACADEMY53212,MARIN ACADEMY,San Rafael,Marin,36,7,3
MARK KEPPEL HIGH SCHOOL50055,MARK KEPPEL HIGH SCHOOL,Alhambra,Los Angeles,153,16,7
MARTIN LUTHER KING HIGH SCHOOL52567,MARTIN LUTHER KING HIGH SCHOOL,Riverside,Riverside,73,12,6
MARYMOUNT HIGH SCHOOL51715,MARYMOUNT HIGH SCHOOL,Los Angeles,Los Angeles,33,7,3
MATER DEI HIGH SCHOOL53240,MATER DEI HIGH SCHOOL,Santa Ana,Orange,161,7,4
MAYFIELD SENIOR SCHOOL52395,MAYFIELD SENIOR SCHOOL,Pasadena,Los Angeles,36,4,3
MAYWOOD CTR ENRICHED STUDIES50551,MAYWOOD CTR ENRICHED STUDIES,Maywood,Los Angeles,30,10,3
MENLO ATHERTON HIGH SCHOOL50170,MENLO ATHERTON HIGH SCHOOL,Atherton,San Mateo,172,41,27
MENLO SCHOOL51960,MENLO SCHOOL,Atherton,San Mateo,79,18,9
MERCED HIGH SCHOOL51963,MERCED HIGH SCHOOL,Merced,Merced,35,10,6
MERCY HIGH SCHOOL50415,MERCY HIGH SCHOOL,Burlingame,San Mateo,21,4,3
MERRILL F WEST HIGH SCHOOL53532,MERRILL F WEST HIGH SCHOOL,Tracy,San Joaquin,50,4,3
MIDDLE COLLEGE HIGH SCHOOL51722,MIDDLE COLLEGE HIGH SCHOOL,Los Angeles,Los Angeles,33,8,3
MIDDLE COLLEGE HIGH SCHOOL53204,MIDDLE COLLEGE HIGH SCHOOL,San Pablo,Contra Costa,42,5,4
MILLS HIGH SCHOOL51972,MILLS HIGH SCHOOL,Millbrae,San Mateo,122,25,21
MILPITAS HIGH SCHOOL51978,MILPITAS HIGH SCHOOL,Milpitas,Santa Clara,231,23,17
MINNETONKA HIGH SCHOOL240780,MINNETONKA HIGH SCHOOL,Minnetonka,MN,50,6,3
MIRA COSTA HIGH SCHOOL51895,MIRA COSTA HIGH SCHOOL,Manhattan Beach,Los Angeles,236,38,26
MIRA LOMA HIGH SCHOOL52723,MIRA LOMA HIGH SCHOOL,Sacramento,Sacramento,73,10,9
MIRA MESA HIGH SCHOOL52858,MIRA MESA HIGH SCHOOL,San Diego,San Diego,68,6,5
MIRAMONTE HIGH SCHOOL52282,MIRAMONTE HIGH SCHOOL,Orinda,Contra Costa,140,26,13
MISSION BAY HIGH52860,MISSION BAY HIGH,San Diego,San Diego,66,19,10
MISSION COLLEGE PREP CATH HS53140,MISSION COLLEGE PREP CATH HS,San Luis Obispo,San Luis Obispo,27,8,5
MISSION HILLS HIGH SCHOOL53868,MISSION HILLS HIGH SCHOOL,San Marcos,San Diego,86,10,8
MISSION SAN JOSE HIGH SCHOOL50970,MISSION SAN JOSE HIGH SCHOOL,Fremont,Alameda,406,40,28
MISSION SENIOR HIGH SCHOOL52980,MISSION SENIOR HIGH SCHOOL,San Francisco,San Francisco,89,31,20
MODESTO HIGH SCHOOL51985,MODESTO HIGH SCHOOL,Modesto,Stanislaus,64,11,6
MONACHE HIGH SCHOOL52513,MONACHE HIGH SCHOOL,Porterville,Tulare,21,8,3
MONTA VISTA HIGH SCHOOL53466,MONTA VISTA HIGH SCHOOL,Cupertino,Santa Clara,348,40,32
MONTE VISTA HIGH SCHOOL50727,MONTE VISTA HIGH SCHOOL,Danville,Contra Costa,220,27,21
MONTE VISTA HIGH SCHOOL53416,MONTE VISTA HIGH SCHOOL,Spring Valley,San Diego,30,6,4
MONTEREY HIGH SCHOOL52050,MONTEREY HIGH SCHOOL,Monterey,Monterey,61,9,4
MOREAU CATHOLIC HIGH SCHOOL51156,MOREAU CATHOLIC HIGH SCHOOL,Hayward,Alameda,97,11,9
MORRISON ACADEMY694200,,,,12,3,3
MOUNT EDEN HIGH SCHOOL51153,MOUNT EDEN HIGH SCHOOL,Hayward,Alameda,73,7,5
MOUNT PLEASANT HIGH SCHOOL53094,MOUNT PLEASANT HIGH SCHOOL,San Jose,Santa Clara,31,4,3
MOUNTAIN HOUSE HIGH SCHOOL54813,MOUNTAIN HOUSE HIGH SCHOOL,Mountain House,San Joaquin,130,13,6
MOUNTAIN VIEW HIGH SCHOOL52075,MOUNTAIN VIEW HIGH SCHOOL,Mountain View,Santa Clara,196,23,10
MT CARMEL HIGH SCHOOL52862,MT CARMEL HIGH SCHOOL,San Diego,San Diego,91,13,7
MT SAC EARLY COLG ACD W COVINA51783,MT SAC EARLY COLG ACD W COVINA,West Covina,Los Angeles,17,7,6
MULGRAVE SCHOOL821755,,,,25,8,3
NAPA HIGH SCHOOL52085,NAPA HIGH SCHOOL,Napa,Napa,53,13,12
NEW OPEN WORLD ACADEMY54457,NEW OPEN WORLD ACADEMY,Los Angeles,Los Angeles,21,7,5
NEW WEST CHARTER SCHOOL54663,NEW WEST CHARTER SCHOOL,Los Angeles,Los Angeles,62,14,8
NEWARK MEMORIAL HIGH SCHOOL52114,NEWARK MEMORIAL HIGH SCHOOL,Newark,Alameda,65,5,3
NEWBURY PARK HIGH SCHOOL52117,NEWBURY PARK HIGH SCHOOL,Newbury Park,Ventura,97,14,5
NEWPORT HARBOR HIGH SCHOOL52130,NEWPORT HARBOR HIGH SCHOOL,Newport Beach,Orange,91,9,7
NEWPORT HIGH SCHOOL480071,NEWPORT HIGH SCHOOL,Bellevue,WA,134,9,6
NEWTON NORTH HIGH SCHOOL221555,NEWTON NORTH HIGH SCHOOL,Newtonville,MA,45,5,3
NOGALES HIGH SCHOOL51357,NOGALES HIGH SCHOOL,La Puente,Los Angeles,35,4,3
NORTH HIGH SCHOOL53520,NORTH HIGH SCHOOL,Torrance,Los Angeles,73,16,10
NORTH HOLLYWOOD HIGH SCHOOL52145,NORTH HOLLYWOOD HIGH SCHOOL,North Hollywood,Los Angeles,143,32,23
NORTH LONDON COLLEGIATE JEJU682194,,,,76,8,4
NORTH SALINAS HIGH SCHOOL52746,NORTH SALINAS HIGH SCHOOL,Salinas,Monterey,30,6,5
NORTHGATE HIGH SCHOOL50666,NORTHGATE HIGH SCHOOL,Walnut Creek,Contra Costa,109,16,12
NORTHWOOD HIGH SCHOOL51283,NORTHWOOD HIGH SCHOOL,Irvine,Orange,259,22,9
NORWALK HIGH SCHOOL52167,NORWALK HIGH SCHOOL,Norwalk,Los Angeles,42,10,6
NOTRE DAME HIGH SCHOOL53095,NOTRE DAME HIGH SCHOOL,San Jose,Santa Clara,72,10,5
NOTRE DAME HIGH SCHOOL53370,NOTRE DAME HIGH SCHOOL,Sherman Oaks,Los Angeles,100,11,4
NOVATO HIGH SCHOOL52170,NOVATO HIGH SCHOOL,Novato,Marin,57,7,3
NUEVA SCHOOL51213,NUEVA SCHOOL,San Mateo,San Mateo,77,23,3
OAK PARK HIGH SCHOOL50006,OAK PARK HIGH SCHOOL,Oak Park,Ventura,120,16,9
OAK RIDGE HIGH SCHOOL50818,OAK RIDGE HIGH SCHOOL,El Dorado Hills,El Dorado,85,5,4
OAKLAND CHARTER HIGH SCHOOL54303,OAKLAND CHARTER HIGH SCHOOL,Oakland,Alameda,47,13,10
OAKLAND HIGH SCHOOL52225,OAKLAND HIGH SCHOOL,Oakland,Alameda,94,16,13
OAKLAND MILITARY INST COL PREP53972,OAKLAND MILITARY INST COL PREP,Oakland,Alameda,33,4,4
OAKLAND SCHOOL FOR THE ARTS52410,OAKLAND SCHOOL FOR THE ARTS,Oakland,Alameda,35,7,3
OAKLAND TECHNICAL HIGH SCHOOL52240,OAKLAND TECHNICAL HIGH SCHOOL,Oakland,Alameda,173,20,11
OAKLAND UNITY HIGH SCHOOL52484,OAKLAND UNITY HIGH SCHOOL,Oakland,Alameda,19,4,3
OAKMONT HIGH SCHOOL52688,OAKMONT HIGH SCHOOL,Roseville,Placer,63,4,3
OAKS CHRISTIAN SCHOOL53746,OAKS CHRISTIAN SCHOOL,Westlake Village,Ventura,64,20,6
OAKTON HIGH SCHOOL472279,OAKTON HIGH SCHOOL,Vienna,VA,24,5,4
OCEAN GROVE CHARTER SCHOOL54111,OCEAN GROVE CHARTER SCHOOL,Placerville,El Dorado,17,5,3
OCEANA HIGH SCHOOL52308,OCEANA HIGH SCHOOL,Pacifica,San Mateo,41,4,4
OLYMPIA HIGH SCHOOL480835,OLYMPIA HIGH SCHOOL,Olympia,WA,28,7,4
OLYMPIAN HIGH SCHOOL54072,OLYMPIAN HIGH SCHOOL,Chula Vista,San Diego,83,5,3
ONTARIO HIGH SCHOOL52274,ONTARIO HIGH SCHOOL,Ontario,San Bernardino,45,6,3
ORANGE COUNTY HS OF THE ARTS53266,ORANGE COUNTY HS OF THE ARTS,Santa Ana,Orange,170,35,15
ORTHOPAEDIC HOSP MED MAGNET HS51811,ORTHOPAEDIC HOSP MED MAGNET HS,Los Angeles,Los Angeles,38,19,5
OTAY RANCH HIGH SCHOOL50602,OTAY RANCH HIGH SCHOOL,Chula Vista,San Diego,93,17,7
OTHER CALIF INSTITUTION989340,OTHER CALIF INSTITUTION,Unknown,Unknown,159,15,6
OXFORD ACADEMY50776,OXFORD ACADEMY,Cypress,Orange,126,17,11
PACIFIC COLLEGIATE SCHOOL53270,PACIFIC COLLEGIATE SCHOOL,Santa Cruz,Santa Cruz,39,5,5
PACIFIC GROVE HIGH SCHOOL52310,PACIFIC GROVE HIGH SCHOOL,Pacific Grove,Monterey,24,4,3
PACIFIC HIGH SCHOOL52790,PACIFIC HIGH SCHOOL,San Bernardino,San Bernardino,16,4,3
PACIFIC RIDGE SCHOOL50449,PACIFIC RIDGE SCHOOL,Carlsbad,San Diego,49,5,4
PAJARO VALLEY HS54045,PAJARO VALLEY HS,Watsonville,Santa Cruz,36,4,3
PALISADES CHARTER HIGH SCHOOL52327,PALISADES CHARTER HIGH SCHOOL,Pacific Palisade,Los Angeles,219,22,9
PALM DESERT HIGH SCHOOL52319,PALM DESERT HIGH SCHOOL,Palm Desert,Riverside,44,5,4
PALM SPRINGS HIGH SCHOOL52320,PALM SPRINGS HIGH SCHOOL,Palm Springs,Riverside,34,6,5
PALO ALTO SENIOR HIGH SCHOOL52350,PALO ALTO SENIOR HIGH SCHOOL,Palo Alto,Santa Clara,267,33,21
PALOS VERDES HIGH SCHOOL52358,PALOS VERDES HIGH SCHOOL,Palos Verdes Estate,Los Angeles,119,23,9
PALOS VERDES PENINSULA HS52683,PALOS VERDES PENINSULA HS,Rolling Hills Estat,Los Angeles,244,34,16
PARAMOUNT HIGH SCHOOL52365,PARAMOUNT HIGH SCHOOL,Paramount,Los Angeles,68,10,3
PASADENA HIGH SCHOOL52401,PASADENA HIGH SCHOOL,Pasadena,Los Angeles,69,12,7
PATRICK HENRY HIGH SCHOOL52867,PATRICK HENRY HIGH SCHOOL,San Diego,San Diego,113,13,3
PATTERSON HIGH SCHOOL52430,PATTERSON HIGH SCHOOL,Patterson,Stanislaus,54,6,3
PETALUMA HIGH SCHOOL52460,PETALUMA HIGH SCHOOL,Petaluma,Sonoma,46,8,7
PHILLIP & SALA BURTON ACAD HS52994,PHILLIP & SALA BURTON ACAD HS,San Francisco,San Francisco,97,17,12
PHILLIPS EXETER ACADEMY300185,PHILLIPS EXETER ACADEMY,Exeter,NH,68,7,3
PHINEAS BANNING HIGH SCHOOL53785,PHINEAS BANNING HIGH SCHOOL,Wilmington,Los Angeles,50,7,4
PIEDMONT HIGH SCHOOL52462,PIEDMONT HIGH SCHOOL,Piedmont,Alameda,108,19,13
PIEDMONT HILLS HIGH SCHOOL51976,PIEDMONT HILLS HIGH SCHOOL,San Jose,Santa Clara,144,9,7
PINOLE VALLEY HIGH SCHOOL52464,PINOLE VALLEY HIGH SCHOOL,Pinole,Contra Costa,46,10,8
PIONEER HIGH SCHOOL53096,PIONEER HIGH SCHOOL,San Jose,Santa Clara,86,9,6
PITTSBURG HIGH SCHOOL52475,PITTSBURG HIGH SCHOOL,Pittsburg,Contra Costa,71,11,8
PLANO WEST SENIOR HIGH SCHOOL445573,PLANO WEST SENIOR HIGH SCHOOL,Plano,TX,92,6,3
PLEASANT GROVE HIGH SCHOOL53953,PLEASANT GROVE HIGH SCHOOL,Elk Grove,Sacramento,95,7,4
PLEASANT VALLEY SR HIGH SCHOOL50548,PLEASANT VALLEY SR HIGH SCHOOL,Chico,Butte,36,9,5
POINT LOMA HIGH SCHOOL52870,POINT LOMA HIGH SCHOOL,San Diego,San Diego,83,10,4
POLYTECHNIC SCHOOL52402,POLYTECHNIC SCHOOL,Pasadena,Los Angeles,54,13,7
PORTOLA HIGH SCHOOL50266,PORTOLA HIGH SCHOOL,Irvine,Orange,265,41,20
POWAY HIGH SCHOOL52533,POWAY HIGH SCHOOL,Poway,San Diego,58,6,4
PRESENTATION HIGH SCHOOL53097,PRESENTATION HIGH SCHOOL,San Jose,Santa Clara,78,7,4
PREUSS SCHOOL UCSD51479,PREUSS SCHOOL UCSD,La Jolla,San Diego,50,11,4
PROSPECT HIGH SCHOOL53344,PROSPECT HIGH SCHOOL,Saratoga,Santa Clara,74,7,6
PUC CMNTY CHAR MS EARLY COL HS54065,PUC CMNTY CHAR MS EARLY COL HS,Lake View Terrace,Los Angeles,8,5,3
PUNAHOU SCHOOL120085,PUNAHOU SCHOOL,Honolulu,HI,131,16,5
QUARRY LANE SCHOOL50903,QUARRY LANE SCHOOL,Dublin,Alameda,56,14,8
QUARTZ HILL HIGH SCHOOL52543,QUARTZ HILL HIGH SCHOOL,Quartz Hill,Los Angeles,62,12,5
RAFFLES INSTITUTION687241,,,,96,16,8
RAMON C CORTINES SCH VIS PERF54376,RAMON C CORTINES SCH VIS PERF,Los Angeles,Los Angeles,63,8,3
RAMONA CONVENT SECONDARY SCH50060,RAMONA CONVENT SECONDARY SCH,Alhambra,Los Angeles,30,6,3
RANCHO BERNARDO HIGH SCHOOL52536,RANCHO BERNARDO HIGH SCHOOL,San Diego,San Diego,128,10,3
RANCHO CUCAMONGA HIGH SCHOOL52546,RANCHO CUCAMONGA HIGH SCHOOL,Rancho Cucamonga,San Bernardino,135,21,8
RANCHO VERDE HIGH SCHOOL52056,RANCHO VERDE HIGH SCHOOL,Moreno Valley,Riverside,37,14,6
RAOUL WALLENBERG TRADITIONAL52999,RAOUL WALLENBERG TRADITIONAL,San Francisco,San Francisco,62,3,3
REDLANDS HIGH SCHOOL52590,REDLANDS HIGH SCHOOL,Redlands,San Bernardino,64,15,7
REDMOND HIGH SCHOOL480978,REDMOND HIGH SCHOOL,Redmond,WA,112,8,3
REDONDO UNION HIGH SCHOOL52600,REDONDO UNION HIGH SCHOOL,Redondo Beach,Los Angeles,111,8,4
REDWOOD HIGH SCHOOL51361,REDWOOD HIGH SCHOOL,Larkspur,Marin,187,26,15
REDWOOD HIGH SCHOOL53665,REDWOOD HIGH SCHOOL,Visalia,Tulare,50,12,3
REEDLEY HIGH SCHOOL52615,REEDLEY HIGH SCHOOL,Reedley,Fresno,30,10,4
RESEDA HIGH SCHOOL52620,RESEDA HIGH SCHOOL,Reseda,Los Angeles,29,5,4
RICHARD MONTGOMERY HIGH SCHOOL210910,RICHARD MONTGOMERY HIGH SCHOOL,Rockville,MD,48,9,3
RICHMOND HIGH SCHOOL52636,RICHMOND HIGH SCHOOL,Richmond,Contra Costa,67,7,4
RIO AMERICANO HIGH SCHOOL52730,RIO AMERICANO HIGH SCHOOL,Sacramento,Sacramento,67,10,3
RIO MESA HIGH SCHOOL52299,RIO MESA HIGH SCHOOL,Oxnard,Ventura,36,6,4
RIVER CITY HIGH SCHOOL53740,RIVER CITY HIGH SCHOOL,West Sacramento,Yolo,56,5,4
RIVERSIDE POLY HIGH SCHOOL52665,RIVERSIDE POLY HIGH SCHOOL,Riverside,Riverside,58,13,5
RIVERSIDE STEM ACADEMY54784,RIVERSIDE STEM ACADEMY,Riverside,Riverside,32,9,4
ROBERT A MILLIKAN HIGH SCHOOL51476,ROBERT A MILLIKAN HIGH SCHOOL,Long Beach,Los Angeles,131,23,10
ROBERT L STEVENSON HIGH SCHOOL52435,ROBERT L STEVENSON HIGH SCHOOL,Pebble Beach,Monterey,72,8,3
ROCK RIDGE HIGH SCHOOL470140,ROCK RIDGE HIGH SCHOOL,Ashburn,VA,25,5,3
ROSELAND UNIVERSITY PREP54044,ROSELAND UNIVERSITY PREP,Santa Rosa,Sonoma,31,6,4
ROSEMEAD HIGH SCHOOL52685,ROSEMEAD HIGH SCHOOL,Rosemead,Los Angeles,73,11,5
RUBEN S AYALA HIGH SCHOOL50563,RUBEN S AYALA HIGH SCHOOL,Chino Hills,San Bernardino,147,36,18
RUTH ASAWA SCHOOL OF THE ARTS53033,RUTH ASAWA SCHOOL OF THE ARTS,San Francisco,San Francisco,69,19,9
SACRED HEART CATHEDRAL PREP53005,SACRED HEART CATHEDRAL PREP,San Francisco,San Francisco,131,18,13
SACRED HEART HIGH SCHOOL51760,SACRED HEART HIGH SCHOOL,Los Angeles,Los Angeles,16,5,3
SACRED HEART PREPARATORY SCH51955,SACRED HEART PREPARATORY SCH,Atherton,San Mateo,56,11,6
SAGE CREEK HIGH SCHOOL54709,SAGE CREEK HIGH SCHOOL,Carlsbad,San Diego,96,7,4
SAGE HILL SCHOOL52124,SAGE HILL SCHOOL,Newport Coast,Orange,91,24,9
SAINT FRANCIS HIGH SCHOOL51311,SAINT FRANCIS HIGH SCHOOL,La Canada,Los Angeles,59,9,4
SAINT FRANCIS HIGH SCHOOL52077,SAINT FRANCIS HIGH SCHOOL,Mountain View,Santa Clara,149,10,6
SAINT FRANCIS HIGH SCHOOL52698,SAINT FRANCIS HIGH SCHOOL,Sacramento,Sacramento,77,18,9
SAINT GEORGES SCHOOL821550,,,,59,6,4
SAINT HELENA HIGH SCHOOL52740,SAINT HELENA HIGH SCHOOL,Saint Helena,Napa,19,5,4
SAINT IGNATIUS COLLEGE PREP SC53010,SAINT IGNATIUS COLLEGE PREP SC,San Francisco,San Francisco,176,32,17
SAINT JOHN BOSCO HIGH SCHOOL50260,SAINT JOHN BOSCO HIGH SCHOOL,Bellflower,Los Angeles,53,7,3
SAINT JOSEPH HIGH SCHOOL51349,SAINT JOSEPH HIGH SCHOOL,Lakewood,Los Angeles,27,5,3
SAINT JOSEPH PRIVATE FRENCH HS696200,,,,10,3,3
SAINT JOSEPH-NOTRE DAME HS50020,SAINT JOSEPH-NOTRE DAME HS,Alameda,Alameda,41,6,3
SALINAS HIGH SCHOOL52755,SALINAS HIGH SCHOOL,Salinas,Monterey,52,6,3
SAN BENITO HIGH SCHOOL51180,SAN BENITO HIGH SCHOOL,Hollister,San Benito,52,6,3
SAN CLEMENTE HIGH SCHOOL52814,SAN CLEMENTE HIGH SCHOOL,San Clemente,Orange,93,13,5
SAN DIEGO INTL STUDIES53907,SAN DIEGO INTL STUDIES,San Diego,San Diego,80,12,5
SAN DIEGUITO ACADEMY50865,SAN DIEGUITO ACADEMY,Encinitas,San Diego,146,22,10
SAN FERNANDO HIGH SCHOOL52905,SAN FERNANDO HIGH SCHOOL,San Fernando,Los Angeles,69,11,8
SAN FRANCISCO UNIVERSITY HS53039,SAN FRANCISCO UNIVERSITY HS,San Francisco,San Francisco,56,6,3
SAN GABRIEL HIGH SCHOOL53055,SAN GABRIEL HIGH SCHOOL,San Gabriel,Los Angeles,89,16,8
SAN JOAQUIN HIGH SCHOOL51273,SAN JOAQUIN HIGH SCHOOL,Irvine,Orange,15,4,3
SAN JOAQUIN MEMORIAL HS50990,SAN JOAQUIN MEMORIAL HS,Fresno,Fresno,23,9,4
SAN JOSE HIGH SCHOOL53098,SAN JOSE HIGH SCHOOL,San Jose,Santa Clara,26,6,3
SAN JUAN HILLS HIGH SCHOOL54181,SAN JUAN HILLS HIGH SCHOOL,San Juan Capistrano,Orange,113,14,5
SAN LEANDRO HIGH SCHOOL53120,SAN LEANDRO HIGH SCHOOL,San Leandro,Alameda,113,11,10
SAN LORENZO HIGH SCHOOL53130,SAN LORENZO HIGH SCHOOL,San Lorenzo,Alameda,43,6,3
SAN LUIS OBISPO HIGH SCHOOL53145,SAN LUIS OBISPO HIGH SCHOOL,San Luis Obispo,San Luis Obispo,77,13,6
SAN MARCOS HIGH SCHOOL50883,SAN MARCOS HIGH SCHOOL,San Marcos,San Diego,173,16,5
SAN MARCOS HIGH SCHOOL53272,SAN MARCOS HIGH SCHOOL,Santa Barbara,Santa Barbara,100,23,10
SAN MARIN HIGH SCHOOL52172,SAN MARIN HIGH SCHOOL,Novato,Marin,67,7,5
SAN MARINO HIGH SCHOOL53158,SAN MARINO HIGH SCHOOL,San Marino,Los Angeles,135,42,25
SAN MATEO HIGH SCHOOL53175,SAN MATEO HIGH SCHOOL,San Mateo,San Mateo,137,20,12
SAN PEDRO HIGH SCHOOL53195,SAN PEDRO HIGH SCHOOL,San Pedro,Los Angeles,65,17,7
SAN RAFAEL HIGH SCHOOL53222,SAN RAFAEL HIGH SCHOOL,San Rafael,Marin,59,6,4
SAN RAMON VALLEY HIGH SCHOOL50725,SAN RAMON VALLEY HIGH SCHOOL,Danville,Contra Costa,111,18,12
SAN YSIDRO HIGH SCHOOL53628,SAN YSIDRO HIGH SCHOOL,San Diego,San Diego,64,14,5
SANGER HIGH SCHOOL53065,SANGER HIGH SCHOOL,Sanger,Fresno,42,7,5
SANTA ANA HIGH SCHOOL53235,SANTA ANA HIGH SCHOOL,Santa Ana,Orange,47,6,4
SANTA BARBARA SENIOR HIGH SCHO53275,SANTA BARBARA SENIOR HIGH SCHO,Santa Barbara,Santa Barbara,127,24,12
SANTA CLARA HIGH SCHOOL53280,SANTA CLARA HIGH SCHOOL,Santa Clara,Santa Clara,98,20,5
SANTA CRUZ HIGH SCHOOL53297,SANTA CRUZ HIGH SCHOOL,Santa Cruz,Santa Cruz,79,6,5
SANTA FE HIGH SCHOOL53300,SANTA FE HIGH SCHOOL,Santa Fe Springs,Los Angeles,45,10,3
SANTA MARGARITA CATHOLIC HS52563,SANTA MARGARITA CATHOLIC HS,Rancho San Margarit,Orange,115,21,9
SANTA MARIA HIGH SCHOOL53305,SANTA MARIA HIGH SCHOOL,Santa Maria,Santa Barbara,52,9,7
SANTA MONICA HIGH SCHOOL53320,SANTA MONICA HIGH SCHOOL,Santa Monica,Los Angeles,299,47,28
SANTA PAULA HIGH SCHOOL53325,SANTA PAULA HIGH SCHOOL,Santa Paula,Ventura,48,10,5
SANTA ROSA HIGH SCHOOL53330,SANTA ROSA HIGH SCHOOL,Santa Rosa,Sonoma,46,8,3
SANTA SUSANA HIGH SCHOOL53372,SANTA SUSANA HIGH SCHOOL,Simi Valley,Ventura,31,6,3
SANTA TERESA HIGH SCHOOL53106,SANTA TERESA HIGH SCHOOL,San Jose,Santa Clara,101,10,7
SANTIAGO HIGH SCHOOL50692,SANTIAGO HIGH SCHOOL,Corona,Riverside,112,15,7
SANTIAGO HIGH SCHOOL51033,SANTIAGO HIGH SCHOOL,Garden Grove,Orange,45,11,7
SARATOGA HIGH SCHOOL53343,SARATOGA HIGH SCHOOL,Saratoga,Santa Clara,235,33,19
SCHOOL BUS TOUR CONTRERAS LRN54053,SCHOOL BUS TOUR CONTRERAS LRN,Los Angeles,Los Angeles,14,3,3
SCHURR HIGH SCHOOL52037,SCHURR HIGH SCHOOL,Montebello,Los Angeles,40,10,5
SCIENCE ACADEMY STEM MAGNET51786,SCIENCE ACADEMY STEM MAGNET,North Hollywood,Los Angeles,41,18,8
SCRIPPS RANCH HIGH52834,SCRIPPS RANCH HIGH,San Diego,San Diego,151,12,7
SEGERSTROM HIGH SCHOOL54018,SEGERSTROM HIGH SCHOOL,Santa Ana,Orange,61,14,3
SELMA HIGH SCHOOL53350,SELMA HIGH SCHOOL,Selma,Fresno,23,4,3
SEOUL INTERNATIONAL SCHOOL682385,,,,84,12,4
SEQUOIA HIGH SCHOOL52605,SEQUOIA HIGH SCHOOL,Redwood City,San Mateo,89,14,4
SHANGHAI AMERICAN SCHOOL PUXI694241,,,,80,5,3
SHANGHAI PINGHE SCHOOL694497,,,,193,10,4
SHANGHAI WORLD FOREIGN LANG MS694434,,,,123,12,6
SHELDON HIGH SCHOOL52792,SHELDON HIGH SCHOOL,Sacramento,Sacramento,82,7,4
SHENZHEN COLLEGE INTRNTL EDUC694523,,,,81,6,4
SHENZHEN MIDDLE SCHOOL694324,,,,77,5,4
SHERMAN OAKS CTR ENRCHED STDS52617,SHERMAN OAKS CTR ENRCHED STDS,Reseda,Los Angeles,67,16,10
SHRI RAM SCHOOL - DLF CAMPUS671062,,,,50,4,3
SIERRA CANYON SCHOOL54038,SIERRA CANYON SCHOOL,Chatsworth,Los Angeles,53,9,4
SILVER CREEK HIGH SCHOOL53100,SILVER CREEK HIGH SCHOOL,San Jose,Santa Clara,137,18,15
SILVERADO HIGH SCHOOL53682,SILVERADO HIGH SCHOOL,Victorville,San Bernardino,15,3,3
SINGAPORE AMERICAN SCHOOL687225,,,,95,8,5
SKYLINE HIGH SCHOOL52238,SKYLINE HIGH SCHOOL,Oakland,Alameda,82,15,10
SKYLINE HIGH SCHOOL480501,SKYLINE HIGH SCHOOL,Sammamish,WA,142,7,3
SOAR HIGH SCHOOL51869,SOAR HIGH SCHOOL,Lancaster,Los Angeles,52,13,6
SOLEDAD HIGH SCHOOL53557,SOLEDAD HIGH SCHOOL,Soledad,Monterey,34,7,5
SONOMA ACADEMY53626,SONOMA ACADEMY,Santa Rosa,Sonoma,35,7,3
SONOMA VALLEY HIGH SCHOOL53390,SONOMA VALLEY HIGH SCHOOL,Sonoma,Sonoma,64,5,3
SONORA HIGH SCHOOL51327,SONORA HIGH SCHOOL,La Habra,Orange,30,7,5
SOUTH EAST HIGH SCHOOL53980,SOUTH EAST HIGH SCHOOL,South Gate,Los Angeles,52,10,4
SOUTH GATE HIGH SCHOOL53400,SOUTH GATE HIGH SCHOOL,South Gate,Los Angeles,35,14,7
SOUTH HIGH SCHOOL50223,SOUTH HIGH SCHOOL,Bakersfield,Kern,34,3,3
SOUTH HILLS HIGH SCHOOL50704,SOUTH HILLS HIGH SCHOOL,West Covina,Los Angeles,59,6,3
SOUTH PASADENA HIGH SCHOOL53410,SOUTH PASADENA HIGH SCHOOL,South Pasadena,Los Angeles,143,19,13
SOUTH SAN FRANCISCO HS53415,SOUTH SAN FRANCISCO HS,South San Francisco,San Mateo,49,6,5
SOUTHWEST HIGH SCHOOL52892,SOUTHWEST HIGH SCHOOL,San Diego,San Diego,36,9,3
ST ANDREWS EPISCOPAL SCHOOL440343,ST ANDREWS EPISCOPAL SCHOOL,Austin,TX,19,5,3
STANFORD ONLINE HIGH SCHOOL54127,STANFORD ONLINE HIGH SCHOOL,Redwood City,San Mateo,45,16,9
STEELE CANYON HIGH SCHOOL53613,STEELE CANYON HIGH SCHOOL,Spring Valley,San Diego,60,10,6
STOCKDALE HIGH SCHOOL50217,STOCKDALE HIGH SCHOOL,Bakersfield,Kern,97,14,4
STUYVESANT HIGH SCHOOL334070,STUYVESANT HIGH SCHOOL,New York,NY,123,6,3
SUMMIT PREPARATORY HIGH SCHOOL53878,SUMMIT PREPARATORY HIGH SCHOOL,Redwood City,San Mateo,37,4,4
SUMMIT PUBLIC SCHOOL DENALI50051,SUMMIT PUBLIC SCHOOL DENALI,Sunnyvale,Santa Clara,36,4,3
SUMMIT PUBLIC SCHOOLS SHASTA54815,SUMMIT PUBLIC SCHOOLS SHASTA,Daly City,San Mateo,55,4,3
SUNNY HILLS HIGH SCHOOL51008,SUNNY HILLS HIGH SCHOOL,Fullerton,Orange,191,22,12
SYLMAR HIGH SCHOOL52908,SYLMAR HIGH SCHOOL,Sylmar,Los Angeles,44,13,8
TAIPEI AMERICAN SCHOOL694210,,,,89,11,7
TAIPEI FUHSING PRIVATE SCHOOL694372,,,,41,10,6
TAMALPAIS HIGH SCHOOL51975,TAMALPAIS HIGH SCHOOL,Mill Valley,Marin,175,29,18
TEMECULA VALLEY HIGH SCHOOL53499,TEMECULA VALLEY HIGH SCHOOL,Temecula,Riverside,58,7,4
TEMPLE CITY HIGH SCHOOL53495,TEMPLE CITY HIGH SCHOOL,Temple City,Los Angeles,183,25,16
TENNYSON HIGH SCHOOL51152,TENNYSON HIGH SCHOOL,Hayward,Alameda,16,4,4
TERRA LINDA HIGH SCHOOL53231,TERRA LINDA HIGH SCHOOL,San Rafael,Marin,62,14,6
TESORO HIGH SCHOOL53149,TESORO HIGH SCHOOL,Rancho San Margarit,Orange,113,8,4
THE INTL SCHOOL BANGALORE671055,,,,85,8,3
THE KINGS ACADEMY51514,THE KINGS ACADEMY,Sunnyvale,Santa Clara,55,10,7
THEODORE ROOSEVELT SENIOR HS51805,THEODORE ROOSEVELT SENIOR HS,Los Angeles,Los Angeles,28,8,4
THOMAS JEFFERSON HS SCI/TEC470054,THOMAS JEFFERSON HS SCI/TEC,Alexandria,VA,166,16,5
THOUSAND OAKS HIGH SCHOOL53502,THOUSAND OAKS HIGH SCHOOL,Thousand Oaks,Ventura,67,9,5
TOKAY HIGH SCHOOL51440,TOKAY HIGH SCHOOL,Lodi,San Joaquin,36,5,3
TORREY PINES HIGH SCHOOL50466,TORREY PINES HIGH SCHOOL,San Diego,San Diego,248,27,16
TRACY JOINT UNION HIGH SCHOOL53525,TRACY JOINT UNION HIGH SCHOOL,Tracy,San Joaquin,55,14,9
TROY HIGH SCHOOL51009,TROY HIGH SCHOOL,Fullerton,Orange,268,35,17
TULARE WESTERN HIGH SCHOOL53552,TULARE WESTERN HIGH SCHOOL,Tulare,Tulare,28,5,4
TURLOCK HIGH SCHOOL53565,TURLOCK HIGH SCHOOL,Turlock,Stanislaus,61,12,7
TUSTIN HIGH SCHOOL53570,TUSTIN HIGH SCHOOL,Tustin,Orange,44,11,4
UCLA COMMUNITY SCHOOL51662,UCLA COMMUNITY SCHOOL,Los Angeles,Los Angeles,26,5,4
UKIAH HIGH SCHOOL53580,UKIAH HIGH SCHOOL,Ukiah,Mendocino,37,7,3
UNITED KINGDOM990077,,,,491,52,15
UNITED WORLD COLG SE ASIA-EAST687190,,,,62,11,6
UNITED WORLD COLLEGE CHANGSHU694637,,,,92,10,4
UNITED WORLD COLLEGE-DOVER687229,,,,78,8,5
UNIVERSITY CITY HIGH52887,UNIVERSITY CITY HIGH,San Diego,San Diego,123,7,5
UNIVERSITY HIGH SCHOOL50936,UNIVERSITY HIGH SCHOOL,Fresno,Fresno,41,12,3
UNIVERSITY HIGH SCHOOL51825,UNIVERSITY HIGH SCHOOL,Los Angeles,Los Angeles,73,15,7
UNIVERSITY HIGH SCHOOL51984,UNIVERSITY HIGH SCHOOL,Irvine,Orange,246,49,32
UNIVERSITY PREPARATORY54101,UNIVERSITY PREPARATORY,Victorville,San Bernardino,62,20,10
UPLAND HIGH SCHOOL53586,UPLAND HIGH SCHOOL,Upland,San Bernardino,87,14,4
URBAN SCHOOL OF SAN FRANCISCO53048,URBAN SCHOOL OF SAN FRANCISCO,San Francisco,San Francisco,51,7,3
USC HYBRID HIGH COLLEGE PREP54673,USC HYBRID HIGH COLLEGE PREP,Los Angeles,Los Angeles,39,17,5
VALENCIA HIGH SCHOOL52480,VALENCIA HIGH SCHOOL,Placentia,Orange,144,12,9
VALENCIA HIGH SCHOOL53608,VALENCIA HIGH SCHOOL,Valencia,Los Angeles,139,13,5
VALHALLA HIGH SCHOOL50804,VALHALLA HIGH SCHOOL,El Cajon,San Diego,52,7,3
VALLEY CHRISTIAN HIGH SCHOOL53338,VALLEY CHRISTIAN HIGH SCHOOL,San Jose,Santa Clara,172,19,6
VALLEY HIGH SCHOOL53243,VALLEY HIGH SCHOOL,Santa Ana,Orange,42,11,3
VALLEY INTERNATIONAL PREP HS51629,VALLEY INTERNATIONAL PREP HS,Northridge,Los Angeles,21,9,6
VALLEY VIEW HIGH SCHOOL52057,VALLEY VIEW HIGH SCHOOL,Moreno Valley,Riverside,47,5,3
VALOR ACADEMY HIGH SCHOOL54728,VALOR ACADEMY HIGH SCHOOL,North Hills,Los Angeles,27,6,3
VAN NUYS HIGH SCHOOL53635,VAN NUYS HIGH SCHOOL,Van Nuys,Los Angeles,85,25,17
VANDEN HIGH SCHOOL53533,VANDEN HIGH SCHOOL,Fairfield,Solano,41,5,4
VENICE HIGH SCHOOL51828,VENICE HIGH SCHOOL,Los Angeles,Los Angeles,81,12,4
VENTURA HIGH SCHOOL53655,VENTURA HIGH SCHOOL,Ventura,Ventura,48,5,3
VIEWPOINT SCHOOL50423,VIEWPOINT SCHOOL,Calabasas,Los Angeles,62,12,4
VINTAGE HIGH SCHOOL52088,VINTAGE HIGH SCHOOL,Napa,Napa,55,9,3
VISTA DEL LAGO HIGH SCHOOL54166,VISTA DEL LAGO HIGH SCHOOL,Folsom,Sacramento,101,18,10
VISTA HIGH SCHOOL53675,VISTA HIGH SCHOOL,Vista,San Diego,27,4,4
VISTA MURRIETA HIGH SCHOOL53004,VISTA MURRIETA HIGH SCHOOL,Murrieta,Riverside,75,13,4
VISTAMAR SCHOOL53973,VISTAMAR SCHOOL,El Segundo,Los Angeles,39,8,7
VIVIAN WEBB SCHOOL50599,VIVIAN WEBB SCHOOL,Claremont,Los Angeles,37,7,3
WALNUT HIGH SCHOOL53676,WALNUT HIGH SCHOOL,Walnut,Los Angeles,161,28,19
WARREN HIGH SCHOOL50771,WARREN HIGH SCHOOL,Downey,Los Angeles,109,15,7
WASHINGTON HIGH SCHOOL50972,WASHINGTON HIGH SCHOOL,Fremont,Alameda,163,16,11
WATSONVILLE HIGH SCHOOL53722,WATSONVILLE HIGH SCHOOL,Watsonville,Santa Cruz,53,9,6
WEBB SCHOOL OF CALIFORNIA50600,WEBB SCHOOL OF CALIFORNIA,Claremont,Los Angeles,30,5,4
WEST CAMPUS HIGH SCHOOL52728,WEST CAMPUS HIGH SCHOOL,Sacramento,Sacramento,87,13,6
WEST COVINA HIGH SCHOOL53738,WEST COVINA HIGH SCHOOL,West Covina,Los Angeles,52,11,7
WEST HIGH SCHOOL53521,WEST HIGH SCHOOL,Torrance,Los Angeles,117,6,3
WEST HILLS HIGH SCHOOL53381,WEST HILLS HIGH SCHOOL,Santee,San Diego,35,6,3
WEST LINN HIGH SCHOOL381250,WEST LINN HIGH SCHOOL,West Linn,OR,33,3,3
WEST RANCH HIGH SCHOOL53864,WEST RANCH HIGH SCHOOL,Valencia,Los Angeles,136,31,13
WEST WINDSOR-PLAINSBORO HS N311232,WEST WINDSOR-PLAINSBORO HS N,Plainsboro,NJ,85,7,4
WEST WINDSOR-PLAINSBORO SOUTH311277,WEST WINDSOR-PLAINSBORO SOUTH,West Windsor,NJ,88,7,4
WESTERN SIERRA COLLEGIATE ACAD54379,WESTERN SIERRA COLLEGIATE ACAD,Rocklin,Placer,26,4,3
WESTLAKE HIGH SCHOOL53503,WESTLAKE HIGH SCHOOL,Westlake Village,Ventura,150,27,19
WESTLAKE HIGH SCHOOL440324,WESTLAKE HIGH SCHOOL,Austin,TX,74,5,3
WESTMINSTER HIGH SCHOOL53739,WESTMINSTER HIGH SCHOOL,Westminster,Orange,75,12,4
WESTMONT HIGH SCHOOL53103,WESTMONT HIGH SCHOOL,Campbell,Santa Clara,91,10,5
WESTMOOR HIGH SCHOOL50723,WESTMOOR HIGH SCHOOL,Daly City,San Mateo,64,11,6
WESTVIEW HIGH SCHOOL52986,WESTVIEW HIGH SCHOOL,San Diego,San Diego,190,21,12
WESTVIEW HIGH SCHOOL380083,WESTVIEW HIGH SCHOOL,Portland,OR,76,6,3
WESTWOOD HIGH SCHOOL440326,WESTWOOD HIGH SCHOOL,Austin,TX,91,7,3
WHITNEY HIGH SCHOOL53937,WHITNEY HIGH SCHOOL,Rocklin,Placer,72,5,3
WHITTIER HIGH SCHOOL53765,WHITTIER HIGH SCHOOL,Whittier,Los Angeles,45,12,5
WILLIAM HOWARD TAFT HS53806,WILLIAM HOWARD TAFT HS,Woodland Hills,Los Angeles,112,31,15
WILLIAM MASON HIGH SCHOOL363275,WILLIAM MASON HIGH SCHOOL,Mason,OH,26,7,4
WILLIAM S HART HIGH SCHOOL52120,WILLIAM S HART HIGH SCHOOL,Newhall,Los Angeles,58,8,3
WILLOW GLEN HIGH SCHOOL53105,WILLOW GLEN HIGH SCHOOL,San Jose,Santa Clara,74,12,9
WINDSOR HIGH SCHOOL53787,WINDSOR HIGH SCHOOL,Windsor,Sonoma,51,6,3
WINDWARD SCHOOL53323,WINDWARD SCHOOL,Los Angeles,Los Angeles,49,4,3
WINSTON CHURCHILL HIGH SCHOOL210839,WINSTON CHURCHILL HIGH SCHOOL,Potomac,MD,77,5,3
WOODBRIDGE HIGH SCHOOL51274,WOODBRIDGE HIGH SCHOOL,Irvine,Orange,201,20,9
WOODCREEK HIGH SCHOOL52598,WOODCREEK HIGH SCHOOL,Roseville,Placer,45,6,3
WOODLAKE HIGH SCHOOL53795,WOODLAKE HIGH SCHOOL,Woodlake,Tulare,10,4,4
WOODLAND HIGH SCHOOL53800,WOODLAND HIGH SCHOOL,Woodland,Yolo,25,7,3
WOODROW WILSON HIGH SCHOOL51505,WOODROW WILSON HIGH SCHOOL,Long Beach,Los Angeles,141,25,11
WOODROW WILSON HIGH SCHOOL51840,WOODROW WILSON HIGH SCHOOL,Los Angeles,Los Angeles,45,9,3
WOODSIDE HIGH SCHOOL53808,WOODSIDE HIGH SCHOOL,Woodside,San Mateo,115,23,13
WOODSIDE PRIORY SCHOOL52527,WOODSIDE PRIORY SCHOOL,Portola Valley,San Mateo,35,10,3
XIAN TIE YI HIGH SCHOOL694568,,,,50,3,3
YERBA BUENA HIGH SCHOOL53113,YERBA BUENA HIGH SCHOOL,San Jose,Santa Clara,74,9,8
YORK SCHOOL52053,YORK SCHOOL,Monterey,Monterey,24,4,3
