URI,Album,Song Name,Artist,Disc Number,Track Number,Popularity,Explicit,Danceability,Energy,Key,Loudness,Mode,Speechiness,Acousticness,Instrumentalness,Liveness,Valence,Tempo,Duration_ms,Time Signature
1dGr1c8CrMLDpV6mPbImSI,Lover,Lover,Taylor Swift,1,3,91,False,0.359,0.5429999999999999,7,-7.582000000000001,1,0.0919,0.49200000000000005,1.58e-05,0.11800000000000001,0.45299999999999996,68.53399999999999,221307,4
2QfznFotJNZmnIEYFdzE5T,Heartbreak Anniversary,Heartbreak Anniversary,Giveon,1,1,73,False,0.624,0.457,0,-8.876,1,0.0494,0.557,0.0,0.128,0.586,129.75799999999998,196795,4
5XeFesFbtLpXzIVDNQP22n,AM,I Wanna Be Yours,Arctic Monkeys,1,12,95,False,0.46399999999999997,0.41700000000000004,0,-9.345,0,0.0256,0.136,0.022000000000000002,0.0974,0.479,67.528,183956,4
2dHHgzDwk4BJdRwy9uXhTO,HEROES & VILLAINS,Creepin' (with The Weeknd & 21 Savage),Metro Boomin; The Weeknd; 21 Savage,1,10,92,True,0.715,0.62,1,-6.005,0,0.0484,0.41700000000000004,0.0,0.0822,0.172,97.95,221520,4
5W8YXBz9MTIDyrpYaCg2Ky,Infest,Last Resort,Papa Roach,1,2,83,True,0.589,0.89,4,-3.719,0,0.0603,0.000481,0.00082,0.201,0.6920000000000001,90.598,199907,4
4Dvkj6JhhA12EX05fT7y2e,Harry's House,As It Was,Harry Styles,1,4,94,False,0.52,0.731,6,-5.337999999999999,0,0.0557,0.342,0.00101,0.311,0.662,173.93,167303,4
7MXVkk9YMctZqd1Srtv4MB,Starboy,Starboy,The Weeknd; Daft Punk,1,1,93,True,0.679,0.5870000000000001,7,-7.015,1,0.276,0.141,6.35e-06,0.13699999999999998,0.486,186.003,230453,4
2QjOHCTQ1Jl3zawyYOpxh6,I Love You.,Sweater Weather,The Neighbourhood,1,4,92,False,0.612,0.807,10,-2.81,1,0.0336,0.0495,0.0177,0.10099999999999999,0.39799999999999996,124.053,240400,4
1BxfuPKGuaTgP7aM0Bbdwr,Lover,Cruel Summer,Taylor Swift,1,2,99,False,0.552,0.7020000000000001,9,-5.707000000000001,1,0.157,0.11699999999999999,2.0600000000000003e-05,0.105,0.564,169.99400000000003,178427,4
7KA4W4McWYRpgf0fWsJZWB,Flower Boy,See You Again (feat. Kali Uchis),"Tyler, The Creator; Kali Uchis",1,4,92,True,0.5579999999999999,0.5589999999999999,6,-9.222000000000001,1,0.0959,0.371,7.49e-06,0.109,0.62,78.558,180387,4
4uUG5RXrOk84mYEfFvj3cK,I'm Good (Blue),I'm Good (Blue),David Guetta; Bebe Rexha,1,1,91,True,0.561,0.965,7,-3.673,0,0.0343,0.0038299999999999996,7.07e-06,0.371,0.304,128.04,175238,4
4h9wh7iOZ0GGn8QVp4RAOB,"I Ain’t Worried (Music From The Motion Picture ""Top Gun: Maverick"")",I Ain't Worried,OneRepublic,1,1,91,False,0.7040000000000001,0.797,0,-5.9270000000000005,1,0.0475,0.0826,0.000745,0.0546,0.825,139.994,148486,4
3AJwUDP919kvQ9QcozQPxg,Parachutes,Yellow,Coldplay,1,5,91,False,0.429,0.6609999999999999,11,-7.227,1,0.0281,0.0023899999999999998,0.000121,0.23399999999999999,0.285,173.372,266773,4
3w3y8KPTfNeOKPiqUTakBh,Unorthodox Jukebox,Locked out of Heaven,Bruno Mars,1,2,91,False,0.726,0.698,5,-4.165,1,0.0431,0.049,0.0,0.309,0.867,143.994,233478,4
0WtM2NBVQNNJLh6scP13H8,Calm Down (with Selena Gomez),Calm Down (with Selena Gomez),Rema; Selena Gomez,1,1,91,False,0.8009999999999999,0.8059999999999999,11,-5.206,1,0.0381,0.382,0.000669,0.114,0.802,106.999,239318,4
0VjIjW4GlUZAMYd2vXMi3b,After Hours,Blinding Lights,The Weeknd,1,9,91,False,0.514,0.73,1,-5.934,1,0.0598,0.00146,9.54e-05,0.0897,0.33399999999999996,171.005,200040,4
3USxtqRwSYz57Ewm6wWRMp,Dreamland,Heat Waves,Glass Animals,1,14,90,False,0.7609999999999999,0.525,11,-6.9,1,0.0944,0.44,6.7e-06,0.0921,0.531,80.87,238805,4
0V3wPSX9ygBnCm8psDIegu,Midnights,Anti-Hero,Taylor Swift,1,3,92,False,0.637,0.643,4,-6.571000000000001,1,0.0519,0.13,1.8000000000000001e-06,0.142,0.5329999999999999,97.008,200690,4
68Dni7IE4VyPkTOH9mRWHr,2014 Forest Hills Drive,No Role Modelz,J. Cole,1,9,90,True,0.69,0.521,10,-8.492,0,0.33899999999999997,0.324,0.0,0.0534,0.494,100.02799999999999,292799,4
0u2P5u6lvoDfwTYjAADbn4,lovely (with Khalid),lovely (with Khalid),Billie Eilish; Khalid,1,1,90,False,0.35100000000000003,0.29600000000000004,4,-10.109,0,0.0333,0.934,0.0,0.095,0.12,115.28399999999999,200186,4
7qEHsqek33rTcFNT9PFqLf,Divinely Uninspired To A Hellish Extent,Someone You Loved,Lewis Capaldi,1,4,90,False,0.501,0.405,1,-5.678999999999999,1,0.0319,0.7509999999999999,0.0,0.105,0.446,109.891,182161,4
6Sq7ltF9Qa7SNFBsV5Cogx,Un Verano Sin Ti,Me Porto Bonito,Bad Bunny; Chencho Corleone,1,3,90,True,0.9109999999999999,0.7120000000000001,1,-5.105,0,0.0817,0.0901,2.68e-05,0.0933,0.425,92.005,178567,4
086myS9r57YsLbJpU0TgK9,AM,Why'd You Only Call Me When You're High?,Arctic Monkeys,1,9,90,False,0.691,0.631,2,-6.478,1,0.0368,0.0483,1.13e-05,0.10400000000000001,0.8,92.00399999999999,161124,4
4RvWPyQ5RL0ao9LPZeSouE,Songs From The Big Chair (Super Deluxe Edition),Everybody Wants To Rule The World,Tears For Fears,1,3,90,False,0.645,0.795,7,-12.095,1,0.0527,0.34700000000000003,0.00389,0.10400000000000001,0.535,112.06700000000001,251489,4
2tTmW7RDtMQtBk7m2rYeSw,"Quevedo: Bzrp Music Sessions, Vol. 52","Quevedo: Bzrp Music Sessions, Vol. 52",Bizarrap; Quevedo,1,1,90,False,0.621,0.782,2,-5.547999999999999,1,0.044000000000000004,0.0125,0.033,0.23,0.55,128.033,198938,4
2eAvDnpXP5W0cVtiI0PUxV,Safe Haven,Dandelions,Ruth B.,1,2,90,False,0.609,0.6920000000000001,1,-2.958,1,0.0259,0.0157,0.0,0.0864,0.45399999999999996,116.959,233720,3
0nJW01T7XtvILxQgC5J7Wh,Unorthodox Jukebox,When I Was Your Man,Bruno Mars,1,6,89,False,0.612,0.28,0,-8.648,1,0.0434,0.932,0.0,0.08800000000000001,0.387,72.795,213827,4
0pqnGHJpmpxLKifKRmU6WP,Evolve,Believer,Imagine Dragons,1,4,89,False,0.7759999999999999,0.78,10,-4.374,0,0.128,0.0622,0.0,0.081,0.6659999999999999,124.949,204347,4
5FVd6KXrgO9B3JPmC8OPst,AM,Do I Wanna Know?,Arctic Monkeys,1,1,90,False,0.5479999999999999,0.532,5,-7.596,1,0.0323,0.18600000000000003,0.000263,0.217,0.405,85.03,272394,4
3EaJDYHA0KnX88JvDhL9oa,Dark Red,Dark Red,Steve Lacy,1,1,89,False,0.603,0.784,6,-4.023,1,0.062,0.446,8.32e-06,0.11900000000000001,0.769,172.041,173104,4
7lQ8MOhq6IN2w8EYcFNSUk,The Eminem Show,Without Me,Eminem,1,10,89,True,0.9079999999999999,0.669,7,-2.827,1,0.0738,0.00286,0.0,0.237,0.662,112.238,290320,4
0tgVpDi06FyKpA1z0VMD4v,÷ (Deluxe),Perfect,Ed Sheeran,1,5,89,False,0.599,0.44799999999999995,8,-6.312,1,0.0232,0.163,0.0,0.106,0.168,95.05,263400,3
0JXXNGljqupsJaZsgSbMZV,All I Want Is You,Sure Thing,Miguel,1,1,89,False,0.684,0.607,11,-8.127,0,0.1,0.0267,0.000307,0.191,0.498,81.001,195373,4
1JSTJqkT5qHq8MDJnJbRE1,Synchronicity (Remastered 2003),Every Breath You Take,The Police,1,7,89,False,0.82,0.452,1,-9.796,1,0.0348,0.5429999999999999,0.00294,0.0714,0.74,117.40100000000001,253920,4
1zi7xx7UVEFkmKfv06H8x0,Views,One Dance,Drake; Wizkid; Kyla,1,12,89,False,0.792,0.625,1,-5.609,1,0.0536,0.0077599999999999995,0.0018,0.32899999999999996,0.37,103.96700000000001,173987,4
7DSAEUvxU8FajXtRloy8M0,Endless Summer Vacation,Flowers,Miley Cyrus,1,1,89,False,0.706,0.691,0,-4.775,1,0.0633,0.0584,6.99e-05,0.0232,0.632,118.04799999999999,200600,4
70LcF31zb1H0PyJoS1Sx1r,Pablo Honey,Creep,Radiohead,1,2,89,True,0.515,0.43,7,-9.935,1,0.0372,0.0097,0.000133,0.129,0.10400000000000001,91.844,238640,4
0KKkJNfGyhkQ5aFogxQAPU,24K Magic,That's What I Like,Bruno Mars,1,4,89,False,0.853,0.56,1,-4.961,1,0.0406,0.013000000000000001,0.0,0.0944,0.86,134.066,206693,4
6UelLqGlWMcVH1E5c4H7lY,Fine Line,Watermelon Sugar,Harry Styles,1,2,89,False,0.5479999999999999,0.816,0,-4.209,1,0.0465,0.122,0.0,0.335,0.557,95.39,174000,4
5QO79kh1waicV47BqGRL3g,After Hours,Save Your Tears,The Weeknd,1,11,89,True,0.68,0.826,0,-5.487,1,0.0309,0.0212,1.24e-05,0.5429999999999999,0.644,118.051,215627,4
561jH07mF1jHuk7KlaeF0s,Encore (Deluxe Version),Mockingbird,Eminem,1,16,89,True,0.637,0.6779999999999999,0,-3.798,1,0.266,0.209,0.0,0.156,0.254,84.039,250760,4
21jGcNKet2qwijlDFuPiPb,Hollywood's Bleeding,Circles,Post Malone,1,6,89,False,0.695,0.762,0,-3.497,1,0.0395,0.192,0.00244,0.0863,0.5529999999999999,120.042,215280,4
5O2P9iiztwhomNh8xkR9lJ,FOUR (Deluxe),Night Changes,One Direction,1,7,88,False,0.672,0.52,8,-7.747000000000001,1,0.0353,0.8590000000000001,0.0,0.115,0.37,120.001,226600,4
6HU7h9RYOaPRFeh0R3UeAr,SOUR,deja vu,Olivia Rodrigo,1,5,88,True,0.442,0.612,2,-7.222,1,0.11199999999999999,0.584,5.7000000000000005e-06,0.37,0.17800000000000002,180.917,215507,4
7qiZfU4dY1lWllzX7mPBI3,÷ (Deluxe),Shape of You,Ed Sheeran,1,4,88,False,0.825,0.652,1,-3.1830000000000003,0,0.0802,0.581,0.0,0.0931,0.9309999999999999,95.977,233713,4
2WfaOiMkCvy7F5fcp2zZ8L,Hunting High and Low,Take on Me,a-ha,1,1,88,False,0.573,0.902,6,-7.638,0,0.054000000000000006,0.018000000000000002,0.00125,0.0928,0.8759999999999999,84.412,225280,4
0ofHAoxe9vBkTCp2UQIavz,Rumours (Super Deluxe),Dreams - 2004 Remaster,Fleetwood Mac,1,2,88,False,0.828,0.49200000000000005,0,-9.744,1,0.0276,0.0644,0.00428,0.128,0.789,120.15100000000001,257800,4
3k3NWokhRRkEPhCzPmV8TW,Un Verano Sin Ti,Ojitos Lindos,Bad Bunny; Bomba Estéreo,1,14,88,False,0.647,0.6859999999999999,3,-5.745,0,0.0413,0.08,1.34e-06,0.528,0.268,79.928,258299,4
1mea3bSkSGXuIRvnydlB5b,Viva La Vida or Death and All His Friends,Viva La Vida,Coldplay,1,7,88,False,0.486,0.617,5,-7.115,0,0.0287,0.0954,3.23e-06,0.109,0.41700000000000004,138.015,242373,4
5IgjP7X4th6nMNDh4akUHb,Indigo (Extended),Under The Influence,Chris Brown,1,3,88,True,0.733,0.69,9,-5.529,0,0.0427,0.0635,1.18e-06,0.105,0.31,116.992,184613,4
7fBv7CLKzipRk6EC6TWHOB,Beauty Behind The Madness,The Hills,The Weeknd,1,5,88,True,0.585,0.564,0,-7.063,0,0.0515,0.0671,0.0,0.135,0.13699999999999998,113.00299999999999,242253,4
4SqWKzw0CbA05TGszDgMlc,I Love You So,I Love You So,The Walters,1,1,88,False,0.575,0.648,10,-4.891,1,0.0358,0.583,0.0,0.115,0.466,75.977,160240,4
3yfqSUWxFvZELEM4PmlwIR,The Marshall Mathers LP,The Real Slim Shady,Eminem,1,8,88,True,0.9490000000000001,0.6609999999999999,5,-4.244,0,0.0572,0.0302,0.0,0.0454,0.76,104.50399999999999,284200,4
5CZ40GBx1sQ9agT82CLQCT,SOUR,traitor,Olivia Rodrigo,1,2,88,False,0.38,0.33899999999999997,3,-7.885,1,0.0338,0.691,0.0,0.12,0.0849,100.60700000000001,229227,4
7snQQk1zcKl8gZ92AnueZW,Appetite For Destruction,Sweet Child O' Mine,Guns N' Roses,1,9,88,True,0.446,0.9520000000000001,6,-5.321000000000001,1,0.0523,0.0901,0.0857,0.11199999999999999,0.624,125.303,356067,4
5uCax9HTNlzGybIStD3vDh,Back from the Edge,Say You Won't Let Go,James Arthur,1,2,88,False,0.358,0.557,10,-7.398,1,0.059000000000000004,0.695,0.0,0.0902,0.494,85.04299999999999,211467,4
0nrRP2bk19rLc0orkWPQk2,True,Wake Me Up,Avicii,1,1,88,False,0.532,0.7829999999999999,2,-5.697,1,0.0523,0.0038,0.0012,0.161,0.643,124.08,247427,4
60a0Rd6pjrkxjPbaKzXjfq,Hybrid Theory (Bonus Edition),In the End,Linkin Park,1,8,88,False,0.556,0.8640000000000001,3,-5.87,0,0.0584,0.00958,0.0,0.209,0.4,105.14299999999999,216880,4
1zB4vmk8tFRmM9UULNzbLB,Evolve,Thunder,Imagine Dragons,1,10,88,False,0.605,0.8220000000000001,0,-4.833,1,0.0438,0.00671,0.134,0.147,0.28800000000000003,167.997,187147,4
4xqrdfXkTW4T0RauPLv3WA,Kid Krow,Heather,Conan Gray,1,10,87,False,0.35700000000000004,0.425,5,-7.301,1,0.0333,0.584,0.0,0.322,0.27,102.07799999999999,198040,3
09mEdoA6zrmBPgTEN5qXmN,"My Dear Melancholy,",Call Out My Name,The Weeknd,1,1,88,False,0.461,0.593,1,-4.954,1,0.0356,0.17,0.0,0.307,0.175,134.17,228373,3
7JJmb5XwzOO8jgpou264Ml,Illuminate (Deluxe),There's Nothing Holdin' Me Back,Shawn Mendes,1,1,87,False,0.866,0.813,11,-4.063,0,0.0554,0.38,0.0,0.0779,0.9690000000000001,121.99799999999999,199440,4
5wANPM4fQCJwkGd4rN57mH,SOUR,drivers license,Olivia Rodrigo,1,3,88,True,0.561,0.431,10,-8.81,1,0.0578,0.768,1.42e-05,0.106,0.13699999999999998,143.875,242013,4
1DIXPcTDzTj8ZMHt3PDt8p,Gangsta's Paradise,Gangsta's Paradise,Coolio; L.V.,1,2,87,False,0.647,0.514,8,-10.05,1,0.0593,0.0655,0.0,0.39799999999999996,0.386,79.975,240693,4
003vvx7Niy0yvhvHt4a68B,Hot Fuss,Mr. Brightside,The Killers,1,2,87,False,0.35200000000000004,0.9109999999999999,1,-5.23,1,0.0747,0.00121,0.0,0.0995,0.23600000000000002,148.033,222973,4
0ct6r3EGTcMLPtrXHDvVjc,The Days / Nights,The Nights,Avicii,1,2,87,False,0.527,0.835,6,-5.297999999999999,1,0.0433,0.0166,0.0,0.249,0.654,125.98299999999999,176658,4
5Eax0qFko2dh7Rl2lYs3bx,Un Verano Sin Ti,Efecto,Bad Bunny,1,10,87,True,0.8009999999999999,0.475,7,-8.797,0,0.0516,0.141,1.73e-05,0.0639,0.23399999999999999,98.04700000000001,213061,4
3CRDbSIZ4r5MsZ0YwxuEkn,Blurryface,Stressed Out,Twenty One Pilots,1,2,87,False,0.7340000000000001,0.637,4,-5.6770000000000005,0,0.141,0.0462,2.2899999999999998e-05,0.0602,0.648,169.977,202333,4
2nMeu6UenVvwUktBCpLMK9,Young And Beautiful,Young And Beautiful,Lana Del Rey,1,1,87,False,0.324,0.41600000000000004,11,-8.92,0,0.0368,0.262,3.69e-05,0.11,0.151,113.986,236053,4
6RUKPb4LETWmmr3iAEQktW,Memories...Do Not Open,Something Just Like This,The Chainsmokers; Coldplay,1,5,87,False,0.617,0.635,11,-6.769,0,0.0317,0.0498,1.4400000000000001e-05,0.16399999999999998,0.446,103.01899999999999,247160,4
37ZJ0p5Jm13JPevGcx4SkF,Slippery When Wet,Livin' On A Prayer,Bon Jovi,1,3,87,False,0.532,0.887,0,-3.7569999999999997,1,0.0335,0.0778,0.00021400000000000002,0.294,0.795,122.51100000000001,249293,4
3QGsuHI8jO1Rx4JWLUh9jd,Illuminate,Treat You Better,Shawn Mendes,1,4,87,False,0.444,0.8190000000000001,10,-4.078,0,0.341,0.106,0.0,0.107,0.747,82.695,187973,4
0FDzzruyVECATHXKHFs9eJ,Ghost Stories,A Sky Full of Stars,Coldplay,1,8,87,False,0.545,0.675,6,-6.474,1,0.0279,0.00617,0.00197,0.209,0.162,124.97,267867,4
1IHWl5LamUGEuP4ozKQSXZ,Un Verano Sin Ti,Tití Me Preguntó,Bad Bunny,1,4,87,True,0.65,0.715,5,-5.1979999999999995,0,0.253,0.0993,0.000291,0.126,0.187,106.67200000000001,243717,4
2nLtzopw4rPReszdYBJU6h,Meteora,Numb,Linkin Park,1,13,87,False,0.496,0.863,9,-4.1530000000000005,1,0.0381,0.0046,0.0,0.639,0.243,110.01799999999999,185587,4
4RVwu0g32PAqgUiJoXsdF8,Happier Than Ever,Happier Than Ever,Billie Eilish,1,15,87,True,0.332,0.225,0,-8.697000000000001,1,0.0348,0.767,0.00349,0.128,0.297,81.055,298899,3
5TXDeTFVRVY7Cvt0Dw4vWW,17,Revenge,XXXTENTACION,1,5,87,True,0.746,0.251,11,-16.169,0,0.259,0.782,0.00203,0.106,0.18,139.999,120027,4
4ZtFanR9U6ndgddUvNcjcG,SOUR,good 4 u,Olivia Rodrigo,1,6,87,True,0.563,0.664,9,-5.044,1,0.154,0.335,0.0,0.0849,0.688,166.928,178147,4
5mCPDVBb16L4XQwDdbRUpz,More Life,Passionfruit,Drake,1,3,87,True,0.809,0.46299999999999997,11,-11.377,1,0.0396,0.256,0.085,0.109,0.364,111.98,298941,4
5E30LdtzQTGqRvNd7l6kG5,Wiped Out!,Daddy Issues,The Neighbourhood,1,6,87,False,0.588,0.521,10,-9.461,1,0.0329,0.0678,0.149,0.12300000000000001,0.337,85.012,260173,4
2qxmye6gAegTMjLKEBoR3d,Narrated For You,Let Me Down Slowly,Alec Benjamin,1,4,87,False,0.652,0.557,1,-5.7139999999999995,0,0.0318,0.74,0.0,0.124,0.483,150.07299999999998,169354,4
50nfwKoDiSYg8zOCREWAm5,=,Shivers,Ed Sheeran,1,2,87,False,0.7879999999999999,0.8590000000000001,2,-2.7239999999999998,1,0.0856,0.281,0.0,0.0424,0.8220000000000001,141.02,207853,4
1mXVgsBdtIVeCLJnSnmtdV,The Thrill Of It All (Special Edition),Too Good At Goodbyes,Sam Smith,1,1,87,False,0.6809999999999999,0.37200000000000005,5,-8.237,1,0.0432,0.64,0.0,0.16899999999999998,0.47600000000000003,91.87299999999999,201000,4
6K4t31amVTZDgR3sKmwUJJ,Currents,The Less I Know The Better,Tame Impala,1,7,87,True,0.64,0.74,4,-4.083,1,0.0284,0.0115,0.00678,0.16699999999999998,0.785,116.87899999999999,216320,4
7tqhbajSfrz2F7E1Z75ASX,United,Ain't No Mountain High Enough,Marvin Gaye; Tammi Terrell,1,1,87,False,0.6629999999999999,0.6,7,-10.87,1,0.032,0.43,0.0,0.184,0.8,129.991,151667,4
7ef4DlsgrMEH11cDZd32M6,One Kiss (with Dua Lipa),One Kiss (with Dua Lipa),Calvin Harris; Dua Lipa,1,1,87,False,0.7909999999999999,0.862,9,-3.24,0,0.11,0.037000000000000005,2.1899999999999997e-05,0.0814,0.5920000000000001,123.994,214847,4
3ZFTkvIE7kyPt6Nu3PEa7V,"Oral Fixation, Vol. 2 (Expanded Edition)",Hips Don't Lie (feat. Wyclef Jean),Shakira; Wyclef Jean,1,3,87,False,0.778,0.8240000000000001,10,-5.892,0,0.0707,0.284,0.0,0.405,0.758,100.024,218093,4
3OHfY25tqY28d16oZczHc8,SOS,Kill Bill,SZA,1,2,87,False,0.644,0.728,8,-5.75,1,0.0351,0.0543,0.16899999999999998,0.161,0.43,88.993,153947,4
6DCZcSspjsKoFjzjrWoCdn,Scorpion,God's Plan,Drake,1,5,87,True,0.754,0.449,7,-9.211,1,0.109,0.0332,8.290000000000001e-05,0.552,0.35700000000000004,77.169,198973,4
3KkXRkHbMCARz0aVfEt68P,Spider-Man: Into the Spider-Verse (Soundtrack From & Inspired by the Motion Picture),Sunflower - Spider-Man: Into the Spider-Verse,Post Malone; Swae Lee,1,2,87,False,0.76,0.479,2,-5.574,1,0.0466,0.556,0.0,0.0703,0.9129999999999999,89.911,158040,4
6Uj1ctrBOjOas8xZXGqKk4,Planet Her,Woman,Doja Cat,1,1,87,True,0.8240000000000001,0.764,5,-4.175,0,0.0854,0.0888,0.00294,0.11699999999999999,0.8809999999999999,107.99799999999999,172627,4
3U4isOIWM3VvDubwSI3y7a,Love In The Future (Expanded Edition),All of Me,John Legend,1,6,86,False,0.42200000000000004,0.264,8,-7.064,1,0.0322,0.922,0.0,0.132,0.331,119.93,269560,4
5ww2BF9slyYgNOk37BlC4u,La Bachata,La Bachata,Manuel Turizo,1,1,86,False,0.835,0.679,7,-5.329,0,0.0364,0.583,1.98e-06,0.218,0.85,124.98,162638,4
1HNkqx9Ahdgi1Ixy2xkKkL,x (Deluxe Edition),Photograph,Ed Sheeran,1,6,86,False,0.614,0.379,4,-10.48,1,0.0476,0.607,0.00046399999999999995,0.0986,0.201,107.98899999999999,258987,4
3dPQuX8Gs42Y7b454ybpMR,Elephant,Seven Nation Army,The White Stripes,1,1,86,False,0.743,0.446,4,-7.807,0,0.0683,0.0039,0.11800000000000001,0.337,0.278,123.596,232107,4
7795WJLVKJoAyVoOtCWqXN,In The Lonely Hour,I'm Not The Only One,Sam Smith,1,5,86,False,0.677,0.485,5,-5.795,1,0.0361,0.529,2.0399999999999998e-05,0.0766,0.493,82.001,239317,4
31AOj9sFz2gM0O3hMARRBx,Out Of Time (25th Anniversary Edition),Losing My Religion,R.E.M.,1,2,86,False,0.6659999999999999,0.855,9,-5.051,0,0.0295,0.179,1.2e-06,0.0987,0.8029999999999999,125.639,268427,4
75JFxkI2RXiU7L9VXzMkle,A Rush of Blood to the Head,The Scientist,Coldplay,1,4,86,False,0.557,0.442,5,-7.224,1,0.0243,0.731,1.4599999999999999e-05,0.11,0.213,146.27700000000002,309600,4
6gBFPUFcJLzWGx4lenP6h2,Birds In The Trap Sing McKnight,goosebumps,Travis Scott,1,9,86,True,0.841,0.728,7,-3.37,1,0.0484,0.0847,0.0,0.149,0.43,130.049,243837,4
4BP3uh0hFLFRb5cjsgLqDh,Willy And The Poor Boys (Expanded Edition),Fortunate Son,Creedence Clearwater Revival,1,6,86,False,0.64,0.6629999999999999,0,-7.516,1,0.0374,0.201,0.00806,0.152,0.6629999999999999,132.77,140773,4
3uUuGVFu1V7jTQL60S1r8z,Where Are You Now,Where Are You Now,Lost Frequencies; Calum Scott,1,1,86,False,0.6709999999999999,0.636,6,-8.117,0,0.10300000000000001,0.515,0.000411,0.172,0.262,120.96600000000001,148197,4
2374M0fQpWi3dLnB54qaLX,Toto IV,Africa,TOTO,1,10,86,False,0.6709999999999999,0.373,9,-18.064,1,0.0323,0.257,8.01e-05,0.0481,0.732,92.71799999999999,295893,4
6Qyc6fS4DsZjB2mRW9DsQs,Dizzy up the Girl,Iris,The Goo Goo Dolls,1,11,86,False,0.315,0.715,11,-8.072000000000001,0,0.0362,0.00125,7.97e-06,0.0942,0.49700000000000005,155.925,289533,3
2zYzyRzz6pRmhPzyfMEC8s,Highway to Hell,Highway to Hell,AC/DC,1,1,86,False,0.574,0.9129999999999999,6,-4.793,0,0.133,0.061,0.00158,0.156,0.423,115.728,208400,4
7BqBn9nzAq8spo5e7cZ0dJ,Doo-Wops & Hooligans,Just the Way You Are,Bruno Mars,1,2,86,False,0.635,0.841,5,-5.379,1,0.0422,0.0134,0.0,0.0622,0.424,109.021,220734,4
3ZCTVFBt2Brf31RLEnCkWJ,everything i wanted,everything i wanted,Billie Eilish,1,1,86,False,0.7040000000000001,0.225,6,-14.454,0,0.0994,0.902,0.657,0.106,0.243,120.006,245426,4
4xkOaSrkexMciUUogZKVTS,The Eminem Show,Till I Collapse,Eminem; Nate Dogg,1,18,86,True,0.5479999999999999,0.847,1,-3.237,1,0.18600000000000003,0.0622,0.0,0.0816,0.1,171.447,297787,4
7KXjTSCq5nL1LoYtL7XAwS,DAMN.,HUMBLE.,Kendrick Lamar,1,8,86,True,0.9079999999999999,0.621,1,-6.638,0,0.102,0.00028199999999999997,5.39e-05,0.0958,0.42100000000000004,150.011,177000,4
4gbVRS8gloEluzf0GzDOFc,V,Maps,Maroon 5,1,1,86,False,0.742,0.713,1,-5.522,0,0.0303,0.0205,0.0,0.059000000000000004,0.879,120.03200000000001,189960,4
7BKLCZ1jbUBVqRi2FVlTVw,Closer,Closer,The Chainsmokers; Halsey,1,1,86,False,0.748,0.524,8,-5.599,1,0.0338,0.414,0.0,0.111,0.6609999999999999,95.01,244960,4
3nqQXoyQOWXiESFLlDF1hG,Unholy (feat. Kim Petras),Unholy (feat. Kim Petras),Sam Smith; Kim Petras,1,1,86,False,0.7140000000000001,0.47200000000000003,2,-7.375,1,0.0864,0.013000000000000001,4.51e-06,0.266,0.23800000000000002,131.121,156943,4
2gMXnyrvIjhVBUZwvLZDMP,Divinely Uninspired To A Hellish Extent (Extended Edition),Before You Go,Lewis Capaldi,1,13,86,False,0.45899999999999996,0.575,3,-4.8580000000000005,1,0.0573,0.604,0.0,0.0885,0.183,111.881,215107,4
0fea68AdmYNygeTGI4RC18,OASIS,LA CANCIÓN,J Balvin; Bad Bunny,1,5,86,False,0.754,0.6459999999999999,7,-5.795,1,0.317,0.152,1.85e-05,0.10800000000000001,0.429,176.08900000000003,242573,4
5oO3drDxtziYU2H1X23ZIp,ANTI (Deluxe),Love On The Brain,Rihanna,1,11,86,True,0.509,0.637,4,-4.83,0,0.0471,0.0717,1.0800000000000002e-05,0.0789,0.37799999999999995,172.00599999999997,224000,3
3B54sVLJ402zGa6Xm4YGNe,Jungle Rules,Unforgettable,French Montana; Swae Lee,1,2,86,True,0.726,0.769,6,-5.043,1,0.12300000000000001,0.0293,0.0101,0.10400000000000001,0.733,97.985,233902,4
4cktbXiXOapiLBMprHFErI,JORDI (Deluxe),Memories,Maroon 5,1,11,86,False,0.775,0.327,11,-7.2410000000000005,1,0.0557,0.841,0.0,0.0821,0.595,91.05,189486,4
2DlHlPMa4M17kufBvI2lEN,Toxicity,Chop Suey!,System Of A Down,1,6,86,False,0.41700000000000004,0.934,7,-3.908,0,0.11900000000000001,0.000278,0.0015,0.132,0.287,127.066,210240,4
0GjEhVFGZW8afUYGChu3Rr,Arrival,Dancing Queen,ABBA,1,2,86,False,0.5429999999999999,0.87,9,-6.513999999999999,1,0.0428,0.358,0.0009390000000000001,0.792,0.754,100.804,230400,4
3GCdLUSnKSMJhs4Tj6CV3s,Black Panther The Album Music From And Inspired By,All The Stars (with SZA),Kendrick Lamar; SZA,1,2,86,True,0.698,0.633,8,-4.946000000000001,1,0.0597,0.0605,0.000194,0.0926,0.552,96.92399999999999,232187,4
50kpGaPAhYJ3sGmk6vplg0,Purpose (Deluxe),Love Yourself,Justin Bieber,1,5,86,False,0.609,0.37799999999999995,4,-9.828,1,0.43799999999999994,0.835,0.0,0.28,0.515,100.41799999999999,233720,4
4tqcoej1zPvwePZCzuAjJd,2014 Forest Hills Drive,Wet Dreamz,J. Cole,1,3,86,True,0.495,0.722,6,-8.107999999999999,0,0.35700000000000004,0.0697,0.0,0.113,0.539,175.627,239267,4
4cluDES4hQEUhmXj6TXkSo,Up All Night,What Makes You Beautiful,One Direction,1,1,86,False,0.726,0.787,4,-2.494,1,0.0737,0.009000000000000001,0.0,0.0596,0.888,124.99,199987,4
4VXIryQMWpIdGgYR4TrjT1,Goodbye & Good Riddance,All Girls Are The Same,Juice WRLD,1,2,86,True,0.6709999999999999,0.529,0,-7.226,1,0.307,0.0769,0.000335,0.0856,0.203,161.989,165820,4
5Nm9ERjJZ5oyfXZTECKmRt,In The Lonely Hour,Stay With Me,Sam Smith,1,3,86,False,0.418,0.42,0,-6.444,1,0.0414,0.588,6.39e-05,0.11,0.184,84.094,172724,4
2xLMifQCjDGFmkHkpNLD9h,ASTROWORLD,SICKO MODE,Travis Scott,1,3,86,True,0.8340000000000001,0.73,8,-3.714,1,0.222,0.00513,0.0,0.124,0.446,155.00799999999998,312820,4
0e7ipj03S05BNilyu5bRzt,beerbongs & bentleys,rockstar (feat. 21 Savage),Post Malone; 21 Savage,1,6,85,True,0.585,0.52,5,-6.136,0,0.0712,0.124,7.01e-05,0.131,0.129,159.80100000000002,218147,4
57bgtoPSgt236HzfBOd8kj,The Razors Edge,Thunderstruck,AC/DC,1,1,85,False,0.502,0.89,4,-5.175,1,0.0364,0.000147,0.0117,0.217,0.259,133.52,292880,4
7w87IxuO7BDcJ3YUqCyMTT,Torches,Pumped Up Kicks,Foster The People,1,2,85,False,0.733,0.71,5,-5.849,0,0.0292,0.145,0.115,0.0956,0.965,127.975,239600,4
0d28khcov6AiegSCpG5TuT,Demon Days,Feel Good Inc.,Gorillaz,1,6,85,False,0.818,0.705,6,-6.678999999999999,1,0.177,0.00836,0.00233,0.613,0.772,138.559,222640,4
5HCyWlXZPP0y6Gqq8TgA20,STAY (with Justin Bieber),STAY (with Justin Bieber),The Kid LAROI; Justin Bieber,1,1,85,True,0.591,0.764,1,-5.484,1,0.0483,0.0383,0.0,0.10300000000000001,0.478,169.928,141806,4
7sO5G9EABYOXQKNPNiE9NR,Without Warning,Ric Flair Drip (with Metro Boomin),Offset; Metro Boomin,1,3,85,True,0.88,0.428,9,-8.28,1,0.20600000000000002,0.149,5.05e-05,0.114,0.33299999999999996,100.007,172800,4
0lYBSQXN6rCTvUZvg9S0lU,Encore,Let Me Love You,DJ Snake; Justin Bieber,1,13,85,False,0.649,0.716,8,-5.371,1,0.0349,0.0863,2.6300000000000002e-05,0.135,0.163,99.988,205947,4
48UPSzbZjgc449aqz8bxox,Californication (Deluxe Edition),Californication,Red Hot Chili Peppers,1,6,85,False,0.5920000000000001,0.767,9,-2.7880000000000003,0,0.027000000000000003,0.0021,0.00165,0.127,0.32799999999999996,96.48299999999999,329733,4
2VxeLyX666F8uXCJ0dZF8B,A Star Is Born Soundtrack,Shallow,Lady Gaga; Bradley Cooper,1,12,85,False,0.5720000000000001,0.385,7,-6.362,1,0.0308,0.371,0.0,0.231,0.32299999999999995,95.79899999999999,215733,4
6nek1Nin9q48AVZcWs9e9D,Mylo Xyloto,Paradise,Coldplay,1,3,85,False,0.449,0.585,5,-6.761,1,0.0268,0.0509,8.75e-05,0.0833,0.212,139.631,278719,4
4bHsxqR3GMrXTxEPLuK5ue,Escape (Bonus Track Version),Don't Stop Believin',Journey,1,1,85,False,0.5,0.748,4,-9.072000000000001,1,0.0363,0.127,0.0,0.447,0.514,118.852,250987,4
08mG3Y1vljYA6bvDt4Wqkj,Back In Black,Back In Black,AC/DC,1,6,85,False,0.31,0.7,9,-5.678,1,0.047,0.011000000000000001,0.00965,0.0828,0.763,188.386,255493,4
78QR3Wp35dqAhFEc2qAGjE,Drip Harder,Drip Too Hard (Lil Baby & Gunna),Lil Baby; Gunna,1,12,85,True,0.897,0.662,1,-6.903,0,0.292,0.0852,0.0,0.534,0.389,112.51100000000001,145543,4
3d9DChrdc6BOeFsbrZ3Is0,Blood Sugar Sex Magik (Deluxe Edition),Under the Bridge,Red Hot Chili Peppers,1,11,85,False,0.5589999999999999,0.345,4,-13.495999999999999,1,0.0459,0.0576,0.000105,0.141,0.45799999999999996,84.581,264307,4
3jjujdWJ72nww5eGnfs2E7,Fine Line,Adore You,Harry Styles,1,3,85,False,0.6759999999999999,0.7709999999999999,8,-3.675,1,0.0483,0.0237,7.000000000000001e-06,0.102,0.569,99.04799999999999,207133,4
6ocbgoVGwYJhOv1GgI9NsF,"thank u, next",7 rings,Ariana Grande,1,10,85,True,0.778,0.317,1,-10.732000000000001,0,0.33399999999999996,0.5920000000000001,0.0,0.0881,0.327,140.048,178627,4
32OlwWuMpZ6b0aN2RZOeMS,Uptown Special,Uptown Funk (feat. Bruno Mars),Mark Ronson; Bruno Mars,1,4,85,True,0.856,0.609,0,-7.223,1,0.0824,0.00801,8.149999999999999e-05,0.0344,0.9279999999999999,114.988,269667,4
285pBltuF7vW8TeWk8hdRR,Goodbye & Good Riddance,Lucid Dreams,Juice WRLD,1,3,85,True,0.511,0.5660000000000001,6,-7.23,0,0.2,0.349,0.0,0.34,0.218,83.90299999999999,239836,4
4kbj5MwxO1bq9wjT5g9HaA,TALKING IS HARD,Shut Up and Dance,WALK THE MOON,1,3,85,False,0.578,0.866,1,-3.804,1,0.0619,0.00701,0.0,0.257,0.619,128.03799999999998,199080,4
6PGoSes0D9eUDeeAafB2As,DAMN.,LOVE. FEAT. ZACARI.,Kendrick Lamar; Zacari,1,10,85,True,0.8,0.585,10,-7.343,1,0.0924,0.264,0.0,0.153,0.779,126.05799999999999,213400,4
40riOy7x9W7GXjyGp4pjAv,Hotel California (2013 Remaster),Hotel California - 2013 Remaster,Eagles,1,1,85,False,0.579,0.508,2,-9.484,1,0.027000000000000003,0.0057399999999999994,0.0004940000000000001,0.0575,0.609,147.125,391376,4
15JINEqzVMv3SvJTAXAKED,Recovery,Love The Way You Lie,Eminem; Rihanna,1,15,85,True,0.7490000000000001,0.925,10,-5.034,1,0.22699999999999998,0.24100000000000002,0.0,0.52,0.6409999999999999,86.98899999999999,263373,4
5nujrmhLynf4yMoMtj8AQF,Future Nostalgia,Levitating (feat. DaBaby),Dua Lipa; DaBaby,1,12,85,False,0.7020000000000001,0.825,6,-3.787,0,0.0601,0.00883,0.0,0.0674,0.915,102.977,203064,4
3Wrjm47oTz2sjIgck11l5e,Chosen,Beggin',Måneskin,1,4,85,False,0.7140000000000001,0.8,11,-4.808,0,0.0504,0.127,0.0,0.359,0.589,134.002,211560,4
6dGnYIeXmHdcikdzNNDMm2,Abbey Road (Remastered),Here Comes The Sun - Remastered 2009,The Beatles,1,7,85,False,0.557,0.54,9,-10.484000000000002,1,0.0347,0.0339,0.00248,0.179,0.39399999999999996,129.171,185733,4
3pXF1nA74528Edde4of9CC,T R A P S O U L,Don't,Bryson Tiller,1,5,85,True,0.765,0.35600000000000004,11,-5.556,0,0.195,0.223,0.0,0.0963,0.18899999999999997,96.991,198293,4
3rmo8F54jFF8OgYsqTxm5d,=,Bad Habits,Ed Sheeran,1,4,85,False,0.807,0.893,11,-3.745,0,0.0347,0.0451,2.7899999999999997e-05,0.366,0.537,126.01100000000001,230747,4
43zdsphuZLzwA9k4DJhU0I,"WHEN WE ALL FALL ASLEEP, WHERE DO WE GO?",when the party's over,Billie Eilish,1,7,85,False,0.36700000000000005,0.111,4,-14.084000000000001,1,0.0972,0.978,3.97e-05,0.0897,0.198,82.64200000000001,196077,4
7EZC6E7UjZe63f1jRmkWxt,No Need To Argue (The Complete Sessions 1994-1995),Zombie,The Cranberries,1,4,85,False,0.309,0.649,7,-8.994,1,0.035,0.0158,0.00591,0.36700000000000005,0.312,166.915,306440,4
1RMJOxR6GRPsBHL8qeC2ux,Freudian,Best Part (feat. H.E.R.),Daniel Caesar; H.E.R.,1,2,85,False,0.524,0.364,7,-10.209,1,0.0367,0.8079999999999999,0.0,0.1,0.436,75.24,209831,4
45bE4HXI0AwGZXfZtMp8JR,you broke me first,you broke me first,Tate McRae,1,1,85,True,0.667,0.373,4,-9.389,1,0.05,0.785,0.0,0.0906,0.0823,124.148,169266,4
4HlFJV71xXKIGcU3kRyttv,"Save Me, San Francisco (Golden Gate Edition)","Hey, Soul Sister",Train,1,2,85,False,0.6729999999999999,0.8859999999999999,1,-4.44,0,0.0431,0.185,0.0,0.0826,0.795,97.012,216773,4
0WtDGnWL2KrMCk0mI1Gpwz,"""Awaken, My Love!""",Redbone,Childish Gambino,1,6,85,True,0.745,0.353,1,-10.614,1,0.0983,0.174,0.00662,0.11800000000000001,0.598,160.111,326933,4
2ZRo7axmMPeSVUvDbGkJah,?,Hope,XXXTENTACION,1,16,85,True,0.5920000000000001,0.457,9,-6.081,0,0.0603,0.6609999999999999,0.000331,0.146,0.225,146.04,110886,4
6Z8R6UsFuGXGtiIxiD8ISb,In A Tidal Wave Of Mystery (Deluxe Edition),Safe And Sound,Capital Cities,1,1,85,False,0.655,0.8190000000000001,0,-4.852,1,0.0316,0.000176,0.00374,0.10400000000000001,0.7659999999999999,117.956,192790,5
5Ohxk2dO5COHF1krpoPigN,Harry Styles,Sign of the Times,Harry Styles,1,2,85,False,0.516,0.595,5,-4.63,1,0.0313,0.0275,0.0,0.109,0.222,119.97200000000001,340707,4
5cF0dROlMOK5uNZtivgu50,Voicenotes,Attention,Charlie Puth,1,2,85,False,0.775,0.613,3,-4.586,0,0.0542,0.109,2.33e-05,0.134,0.797,100.066,208787,4
1PtQJZVZIdWIYdARpZRDFO,Hounds Of Love,Running Up That Hill (A Deal With God),Kate Bush,1,1,85,False,0.629,0.545,10,-13.123,0,0.0546,0.7190000000000001,0.0030800000000000003,0.0604,0.19399999999999998,108.376,298933,4
1TfqLAPs4K3s2rJMoCokcS,Sweet Dreams (Are Made Of This),Sweet Dreams (Are Made of This) - Remastered,Eurythmics; Annie Lennox; Dave Stewart,1,6,85,False,0.6920000000000001,0.711,0,-7.497999999999999,0,0.0317,0.225,0.0,0.12,0.875,125.135,216933,4
7xoUc6faLbCqZO6fQEYprd,My Everything (Deluxe),One Last Time,Ariana Grande,1,3,85,False,0.628,0.593,8,-5.0360000000000005,1,0.0323,0.09300000000000001,1.65e-06,0.096,0.10400000000000001,125.02600000000001,197267,4
0azC730Exh71aQlOt9Zj3y,This Is What You Came For,This Is What You Came For,Calvin Harris; Rihanna,1,1,84,False,0.631,0.927,9,-2.787,0,0.0332,0.19899999999999998,0.11900000000000001,0.14800000000000002,0.465,123.962,222160,4
1ZMiCix7XSAbfAJlEZWMCp,Fine Line,Falling,Harry Styles,1,6,84,False,0.5670000000000001,0.267,4,-6.502000000000001,1,0.0299,0.8390000000000001,1.46e-06,0.08900000000000001,0.0592,110.01100000000001,240133,4
2beS6dD5rovBxSA1zYoSHR,Famouz,No Me Conoce - Remix,Jhayco; J Balvin; Bad Bunny,1,2,84,False,0.804,0.787,10,-3.824,0,0.0746,0.14,0.0,0.0927,0.562,91.97399999999999,309120,4
6i0V12jOa3mr6uu4WYhUBr,Heathens,Heathens,Twenty One Pilots,1,1,84,False,0.732,0.396,4,-9.347999999999999,0,0.0286,0.0841,3.5799999999999996e-05,0.105,0.5479999999999999,90.024,195920,4
2JzZzZUQj3Qff7wapcbKjc,See You Again (feat. Charlie Puth),See You Again (feat. Charlie Puth),Wiz Khalifa; Charlie Puth,1,1,84,False,0.6890000000000001,0.48100000000000004,10,-7.502999999999999,1,0.0815,0.369,1.03e-06,0.0649,0.28300000000000003,80.025,229526,4
4nVBt6MZDDP6tRVdQTgxJg,Midnight Memories (Deluxe),Story of My Life,One Direction,1,2,84,False,0.6,0.6629999999999999,3,-5.8020000000000005,1,0.0477,0.225,0.0,0.11900000000000001,0.28600000000000003,121.07,245493,4
6xGruZOHLs39ZbVccQTuPZ,Glimpse of Us,Glimpse of Us,Joji,1,1,84,False,0.44,0.317,8,-9.258,1,0.0531,0.8909999999999999,4.78e-06,0.141,0.268,169.91400000000002,233456,3
2Fxmhks0bxGSBdJ92vM42m,"WHEN WE ALL FALL ASLEEP, WHERE DO WE GO?",bad guy,Billie Eilish,1,2,84,False,0.701,0.425,7,-10.965,1,0.375,0.32799999999999996,0.13,0.1,0.562,135.128,194088,4
503OTo2dSqe7qk76rgsbep,2001,Still D.R.E.,Dr. Dre; Snoop Dogg,1,4,84,True,0.816,0.775,11,-3.323,1,0.23399999999999999,0.16,0.00031,0.0543,0.527,93.431,270587,4
0nbXyq5TXYPCO7pr3N8S4I,Please Excuse Me for Being Antisocial,The Box,Roddy Ricch,1,2,84,True,0.8959999999999999,0.586,10,-6.687,0,0.0559,0.10400000000000001,0.0,0.79,0.642,116.971,196653,4
7DnAm9FOTWE3cUvso43HhI,Heaven & Hell,Sweet but Psycho,Ava Max,1,16,84,False,0.72,0.706,1,-4.718999999999999,1,0.0473,0.0684,0.0,0.166,0.62,133.002,187436,4
5rb9QrpfcKFHM1EUbSIurX,Confessions (Expanded Edition),Yeah! (feat. Lil Jon & Ludacris),USHER; Lil Jon; Ludacris,1,2,84,False,0.894,0.7909999999999999,2,-4.699,1,0.11199999999999999,0.0183,0.0,0.0388,0.583,105.01799999999999,250373,4
0EcQcdcbQeVJn9fknj44Be,I met you when I was 18. (the playlist),I Like Me Better,Lauv,1,1,84,False,0.753,0.505,9,-7.621,1,0.255,0.534,2.58e-06,0.10400000000000001,0.419,91.97200000000001,197437,4
2Z8WuEywRWYTKe1NybPQEW,Blurryface,Ride,Twenty One Pilots,1,3,84,False,0.645,0.713,6,-5.355,1,0.0393,0.00835,0.0,0.113,0.5660000000000001,74.98899999999999,214507,4
0HPD5WQqrq7wPWR7P7Dw1i,Animal (Expanded Edition),TiK ToK,Kesha,1,2,84,False,0.755,0.8370000000000001,2,-2.718,0,0.142,0.0991,0.0,0.289,0.7140000000000001,120.02799999999999,199693,4
0ntQJM78wzOLVeCUAW7Y45,Only By The Night,Sex on Fire,Kings of Leon,1,3,84,False,0.542,0.905,9,-5.653,1,0.054000000000000006,0.00172,0.0104,0.136,0.374,153.398,203347,4
7xQAfvXzm3AkraOtGPWIZg,Hollywood's Bleeding,Wow.,Post Malone,1,17,84,True,0.8290000000000001,0.539,11,-7.359,0,0.20800000000000002,0.136,1.78e-06,0.10300000000000001,0.38799999999999996,99.96,149547,4
5kqIPrATaCc2LqxVWzQGbk,Lukas Graham,7 Years,Lukas Graham,1,1,84,False,0.765,0.473,10,-5.829,1,0.0514,0.287,0.0,0.391,0.34,119.992,237300,4
0GONea6G2XdnHWjNZd6zt3,Reckless (30th Anniversary / Deluxe Edition),Summer Of '69,Bryan Adams,1,6,84,False,0.508,0.8340000000000001,2,-6.205,1,0.0386,0.0183,0.0,0.0732,0.774,139.131,216053,4
3ZOEytgrvLwQaqXreDs2Jx,By the Way (Deluxe Edition),Can't Stop,Red Hot Chili Peppers,1,7,84,False,0.618,0.938,9,-3.4419999999999997,1,0.0456,0.0179,0.0,0.16699999999999998,0.875,91.455,269000,4
0G21yYKMZoHa30cYVi1iA8,Appetite For Destruction,Welcome To The Jungle,Guns N' Roses,1,1,84,True,0.45299999999999996,0.987,8,-4.485,1,0.0889,0.0195,0.28300000000000003,0.268,0.316,123.544,273480,4
3GVkPk8mqxz0itaAriG1L7,17,Everybody Dies In Their Nightmares,XXXTENTACION,1,4,84,True,0.7340000000000001,0.57,7,-7.066,0,0.133,0.847,2.14e-05,0.11199999999999999,0.6890000000000001,129.953,95467,4
6I9VzXrHxO9rA9A5euc8Ak,In The Zone,Toxic,Britney Spears,1,6,84,False,0.774,0.838,5,-3.9139999999999997,0,0.114,0.0249,0.025,0.242,0.924,143.04,198800,4
0rKtyWc8bvkriBthvHKY8d,BALLADS 1,SLOW DANCING IN THE DARK,Joji,1,2,84,True,0.515,0.479,3,-7.457999999999999,1,0.0261,0.544,0.00598,0.191,0.284,88.964,209274,4
7ycWLEP1GsNjVvcjawXz3z,TESTING,Praise The Lord (Da Shine) (feat. Skepta),A$AP Rocky; Skepta,1,5,84,True,0.8540000000000001,0.569,5,-8.151,0,0.106,0.0609,0.0816,0.1,0.294,80.015,205040,4
2PpruBYCo4H7WOBJ7Q2EwM,Speakerboxxx/The Love Below,Hey Ya!,Outkast,2,9,84,False,0.727,0.9740000000000001,4,-2.261,0,0.0664,0.10300000000000001,0.000532,0.174,0.965,79.52600000000001,235213,4
6Qn5zhYkTa37e91HC1D7lb,Evolve,Whatever It Takes,Imagine Dragons,1,3,84,False,0.672,0.655,10,-5.021,0,0.0311,0.0362,0.0,0.11699999999999999,0.556,134.945,201240,4
7m9OqQk4RVRkw9JJdeAw96,17,Jocelyn Flores,XXXTENTACION,1,2,84,True,0.872,0.391,0,-9.144,0,0.242,0.469,4.13e-06,0.297,0.43700000000000006,134.02100000000002,119133,4
3eekarcy7kvN4yt5ZFzltW,HIGHEST IN THE ROOM,HIGHEST IN THE ROOM,Travis Scott,1,1,84,True,0.598,0.42700000000000005,7,-8.764,0,0.0317,0.0546,5.83e-06,0.21,0.0605,76.469,175721,4
1auxYwYrFRqZP7t3s7w4um,Watch The Throne,Ni**as In Paris,JAY-Z; Kanye West,1,3,84,True,0.789,0.858,1,-5.542000000000001,1,0.311,0.127,0.0,0.349,0.775,140.02200000000002,219333,4
2JvzF1RMd7lE3KmFlsyZD8,MIDDLE CHILD,MIDDLE CHILD,J. Cole,1,1,84,True,0.8370000000000001,0.364,8,-11.713,1,0.276,0.149,0.0,0.271,0.46299999999999997,123.984,213594,4
47BBI51FKFwOMlIiX6m8ya,Millennium,I Want It That Way,Backstreet Boys,1,2,84,False,0.6890000000000001,0.6940000000000001,6,-5.83,0,0.027000000000000003,0.257,0.0,0.14800000000000002,0.48200000000000004,99.039,213307,4
3a1lNhkSLSkpJE4MSHpDu9,Stoney (Deluxe),Congratulations,Post Malone; Quavo,1,12,84,True,0.63,0.804,6,-4.183,1,0.0363,0.215,0.0,0.253,0.49200000000000005,123.146,220293,4
3PfIrDoz19wz7qK7tYeu62,Future Nostalgia,Don't Start Now,Dua Lipa,1,2,84,False,0.7929999999999999,0.7929999999999999,11,-4.521,0,0.083,0.0123,0.0,0.0951,0.679,123.95,183290,4
4pAl7FkDMNBsjykPXo91B3,ANTI (Deluxe),Needed Me,Rihanna,1,7,84,True,0.6709999999999999,0.314,5,-8.091000000000001,0,0.244,0.11,0.0,0.0825,0.29600000000000004,110.898,191600,4
0qOnSQQF0yzuPWsXrQ9paz,The Papercut Chronicles II,Stereo Hearts (feat. Adam Levine),Gym Class Heroes; Adam Levine,1,4,84,False,0.6459999999999999,0.795,9,-3.293,1,0.0976,0.0319,0.0,0.267,0.7959999999999999,89.99,210960,4
0JP9xo3adEtGSdUEISiszL,?,Moonlight,XXXTENTACION,1,3,84,True,0.9209999999999999,0.537,9,-5.723,0,0.0804,0.556,0.00404,0.102,0.711,128.009,135090,4
1mKXFLRA179hdOWQBwUk9e,The Truth About Love,Just Give Me a Reason,P!nk; Nate Ruess,1,4,84,False,0.778,0.547,2,-7.273,1,0.0489,0.34600000000000003,0.000302,0.132,0.441,95.00200000000001,242733,4
6YUTL4dYpB9xZO5qExPf05,Motion,Summer,Calvin Harris,1,8,84,False,0.596,0.856,4,-3.556,0,0.0346,0.0211,0.0178,0.141,0.743,127.949,222533,4
2P4OICZRVAQcYAV2JReRfj,Stories,Waiting For Love,Avicii,1,1,84,False,0.579,0.736,6,-3.863,0,0.0527,0.31,0.0,0.198,0.613,127.999,230613,4
161DnLWsx1i3u1JT05lzqU,Doo-Wops & Hooligans,Talking to the Moon,Bruno Mars,1,7,83,False,0.498,0.59,1,-4.721,0,0.032,0.511,0.0,0.107,0.0784,145.86700000000002,217867,4
0gplL1WMoJ6iYaPgMCL0gX,Easy On Me,Easy On Me,Adele,1,1,83,False,0.604,0.366,5,-7.519,1,0.0282,0.578,0.0,0.133,0.13,141.981,224695,4
2rbDhOo9Fh61Bbu23T2qCk,A Star Is Born Soundtrack (Without Dialogue),Always Remember Us This Way,Lady Gaga,1,9,83,False,0.5529999999999999,0.502,0,-5.972,1,0.0409,0.299,0.0,0.764,0.29600000000000004,129.976,210200,4
6lanRgr6wXibZr8KgzXxBl,A Thousand Years,A Thousand Years,Christina Perri,1,1,83,False,0.42100000000000004,0.40700000000000003,10,-7.445,1,0.0267,0.309,0.0009609999999999999,0.11,0.161,139.028,285120,3
2JPLbjOn0wPCngEot2STUS,Yonaguni,Yonaguni,Bad Bunny,1,1,83,True,0.644,0.648,1,-4.601,1,0.11800000000000001,0.276,0.0,0.135,0.44,179.951,206710,4
35mvY5S1H3J2QZyna3TFe0,Positions,positions,Ariana Grande,1,12,83,True,0.737,0.802,0,-4.771,1,0.0878,0.46799999999999997,0.0,0.0931,0.682,144.015,172325,4
2iUXsYOEPhVqEBwsqP70rE,Youngblood (Deluxe),Youngblood,5 Seconds of Summer,1,1,83,False,0.596,0.8540000000000001,7,-5.114,0,0.46299999999999997,0.0169,0.0,0.124,0.152,120.274,203418,4
76hfruVvmfQbw0eYn1nmeC,DNCE,Cake By The Ocean,DNCE,1,3,83,True,0.774,0.753,4,-5.446000000000001,0,0.0517,0.152,0.0,0.0371,0.8959999999999999,119.00200000000001,219147,4
2HbKqm4o0w5wEeEFXm2sD4,"good kid, m.A.A.d city",Money Trees,Kendrick Lamar; Jay Rock,1,5,83,True,0.716,0.531,7,-7.355,1,0.122,0.0703,0.0,0.22399999999999998,0.344,71.994,386907,4
7e89621JPkKaeDSTQ3avtg,Second Helping (Expanded Edition),Sweet Home Alabama,Lynyrd Skynyrd,1,1,83,True,0.596,0.605,7,-12.145,1,0.0255,0.18100000000000002,0.000331,0.0863,0.8859999999999999,97.79799999999999,283800,4
48QmG1dfvMuYLxMPt7KSRA,Mad Love The Prequel,No Lie,Sean Paul; Dua Lipa,1,9,83,False,0.742,0.882,7,-2.862,1,0.11699999999999999,0.0466,0.0,0.20600000000000002,0.46299999999999997,102.04,221176,4
2tUBqZG2AbRi7Q0BIrVrEj,Whitney,I Wanna Dance with Somebody (Who Loves Me),Whitney Houston,1,1,83,False,0.7090000000000001,0.8240000000000001,1,-8.824,1,0.0453,0.207,0.000307,0.0888,0.867,118.818,291293,4
3cHyrEgdyYRjgJKSOiOtcS,Global Warming: Meltdown (Deluxe Version),Timber (feat. Ke$ha),Pitbull; Kesha,1,13,83,False,0.581,0.963,11,-4.087,1,0.0981,0.0295,0.0,0.139,0.7879999999999999,129.99200000000002,204160,4
7GX5flRQZVHRAGd6B4TmDO,Luv Is Rage 2,XO Tour Llif3,Lil Uzi Vert,1,16,83,True,0.732,0.75,11,-6.3660000000000005,0,0.231,0.00264,0.0,0.109,0.401,155.096,182707,4
6RtPijgfPKROxEzTHNRiDp,Don't Kill the Magic,Rude,MAGIC!,1,1,83,False,0.773,0.758,1,-4.993,1,0.0381,0.0422,0.0,0.305,0.925,144.033,224840,4
4iJyoBOLtHqaGxP12qzhQI,Justice,Peaches (feat. Daniel Caesar & Giveon),Justin Bieber; Daniel Caesar; Giveon,1,12,83,True,0.677,0.696,0,-6.181,1,0.11900000000000001,0.321,0.0,0.42,0.46399999999999997,90.03,198082,4
5hnyJvgoWiQUYZttV4wXy6,Eyes Open,Chasing Cars,Snow Patrol,1,3,83,False,0.56,0.595,9,-4.53,1,0.0274,0.19899999999999998,6.47e-05,0.132,0.14400000000000002,104.01100000000001,267960,4
2FY7b99s15jUprqC0M5NCT,Origins (Deluxe),Natural,Imagine Dragons,1,1,83,False,0.7040000000000001,0.611,2,-6.112,1,0.0409,0.217,0.0,0.0812,0.22,100.0,189467,4
7eJMfftS33KTjuF7lTsMCx,death bed (coffee for your head),death bed (coffee for your head),Powfu; beabadoobee,1,1,83,False,0.726,0.431,8,-8.765,0,0.135,0.731,0.0,0.696,0.348,144.026,173333,4
1lOe9qE0vR9zwWQAOk6CoO,We Love You Tecca,Ransom,Lil Tecca,1,1,83,True,0.745,0.642,7,-6.257000000000001,0,0.287,0.0204,0.0,0.0658,0.226,179.97400000000002,131240,4
0VgkVdmE4gld66l8iyGjgx,FUTURE,Mask Off,Future,1,7,83,True,0.833,0.434,2,-8.795,1,0.431,0.0102,0.0219,0.165,0.281,150.062,204600,4
6QgjcU0zLnzq5OrUoSZ3OK,Woodstock,Feel It Still,Portugal. The Man,1,4,83,False,0.8009999999999999,0.795,1,-5.115,0,0.0504,0.0417,0.000113,0.0717,0.754,79.028,163253,4
6FE2iI43OZnszFLuLtvvmg,MKTO,Classic,MKTO,1,2,83,False,0.72,0.7909999999999999,1,-4.689,1,0.124,0.0384,0.0,0.157,0.7559999999999999,102.071,175427,4
09CtPGIpYB4BrO8qb1RGsF,Purpose (Deluxe),Sorry,Justin Bieber,1,4,83,False,0.654,0.76,0,-3.6689999999999996,0,0.045,0.0797,0.0,0.299,0.41,99.945,200787,4
3CIyK1V4JEJkg02E4EJnDl,Mercury - Acts 1 & 2,Enemy (with JID) - from the series Arcane League of Legends,Imagine Dragons; JID; Arcane; League of Legends,1,1,83,False,0.728,0.7829999999999999,11,-4.4239999999999995,0,0.266,0.237,0.0,0.434,0.555,77.01100000000001,173381,4
2dLLR6qlu5UJ5gk0dKz0h3,Pure Heroine,Royals,Lorde,1,3,83,False,0.674,0.428,7,-9.504,1,0.122,0.121,0.0,0.132,0.337,84.87799999999999,190185,4
2bJvI42r8EF3wxjOuDav4r,Globalization,Time of Our Lives,Pitbull; Ne-Yo,1,4,83,True,0.721,0.802,1,-5.797000000000001,1,0.0583,0.0921,0.0,0.6940000000000001,0.7240000000000001,124.022,229360,4
73CMRj62VK8nUS4ezD2wvi,21,Set Fire to the Rain,Adele,1,5,83,False,0.603,0.67,2,-3.8819999999999997,0,0.0249,0.004079999999999999,1.68e-06,0.11199999999999999,0.446,107.993,242974,4
2BgEsaKNfHUdlh97KmvFyo,Speak Your Mind (Deluxe),2002,Anne-Marie,1,10,83,False,0.6970000000000001,0.6829999999999999,1,-2.8810000000000002,0,0.11699999999999999,0.0372,0.0,0.13699999999999998,0.603,96.133,186987,4
2ekn2ttSfGqwhhate0LSR0,Dua Lipa (Deluxe),New Rules,Dua Lipa,1,10,83,False,0.762,0.7,9,-6.021,0,0.0694,0.0026100000000000003,1.56e-05,0.153,0.608,116.073,209320,4
1yvMUkIOTeUNtNWlWRgANS,This Is Acting (Deluxe Version),Unstoppable,Sia,1,5,83,False,0.46799999999999997,0.779,9,-4.8389999999999995,1,0.0779,0.11199999999999999,0.000373,0.10099999999999999,0.26,173.799,217747,4
2iuZJX9X9P0GKaE93xcPjk,V,Sugar,Maroon 5,1,5,83,True,0.748,0.7879999999999999,1,-7.055,1,0.0334,0.0591,0.0,0.0863,0.884,120.07600000000001,235493,4
4l0Mvzj72xxOpRrp6h8nHi,Rare,Lose You To Love Me,Selena Gomez,1,4,83,False,0.488,0.34299999999999997,4,-8.985,1,0.0436,0.556,0.0,0.21,0.0978,102.819,206459,4
7vGuf3Y35N4wmASOKLUVVU,Silence,Silence,Marshmello; Khalid,1,1,83,False,0.52,0.7609999999999999,4,-3.093,1,0.0853,0.256,4.96e-06,0.17,0.28600000000000003,141.971,180823,4
5QDLhrAOJJdNAmCTJ8xMyW,BE,Dynamite,BTS,1,8,83,False,0.746,0.765,6,-4.41,0,0.0993,0.0112,0.0,0.0936,0.737,114.044,199054,4
60nZcImufyMA1MKQY3dcCH,G I R L,"Happy - From ""Despicable Me 2""",Pharrell Williams,1,5,82,False,0.647,0.8220000000000001,5,-4.662,0,0.183,0.21899999999999997,0.0,0.0908,0.9620000000000001,160.019,232720,4
52okn5MNA47tk87PeZJLEL,Perception,Let You Down,NF,1,6,82,False,0.662,0.7140000000000001,5,-5.68,0,0.121,0.312,0.0,0.179,0.46399999999999997,147.997,212120,4
3bidbhpOYeV4knp8AIu8Xn,The Heist,Can't Hold Us (feat. Ray Dalton),Macklemore & Ryan Lewis; Macklemore; Ryan Lewis; Ray Dalton,1,2,82,False,0.6409999999999999,0.922,2,-4.457,1,0.0786,0.0291,0.0,0.0862,0.847,146.078,258343,4
4Of7rzpRpV1mWRbhp5rAqG,Divinely Uninspired To A Hellish Extent,Bruises,Lewis Capaldi,1,2,82,False,0.736,0.308,4,-7.83,1,0.0677,0.946,0.0,0.18600000000000003,0.361,111.20200000000001,220492,4
23L5CiUhw2jV1OIMwthR3S,In the Name of Love,In the Name of Love,Martin Garrix; Bebe Rexha,1,1,82,False,0.501,0.519,4,-5.88,0,0.0409,0.109,0.0,0.45399999999999996,0.168,133.99,195707,4
0NlGoUyOJSuSHmngoibVAs,In A Perfect World (Expanded Edition),All I Want,Kodaline,1,2,82,False,0.188,0.41100000000000003,0,-9.732999999999999,1,0.0484,0.174,0.153,0.0843,0.159,187.37599999999998,305747,3
4fouWK6XVHhzl78KzQ1UjL,abcdefu,abcdefu,GAYLE,1,1,82,True,0.695,0.54,4,-5.692,1,0.0493,0.299,0.0,0.36700000000000005,0.415,121.932,168602,4
3e9HZxeyfWwjeyPAMmWSSQ,"thank u, next","thank u, next",Ariana Grande,1,11,82,True,0.7170000000000001,0.653,1,-5.6339999999999995,1,0.0658,0.22899999999999998,0.0,0.10099999999999999,0.41200000000000003,106.96600000000001,207320,4
1c8gk2PeTE04A1pIDH9YMk,21,Rolling in the Deep,Adele,1,1,82,True,0.73,0.769,8,-5.114,1,0.0298,0.138,0.0,0.0473,0.507,104.948,228093,4
4jPy3l0RUwlUI9T5XHBW2m,El Dorado,Mood (feat. iann dior),24kGoldn; iann dior,1,13,82,True,0.701,0.716,7,-3.6710000000000003,0,0.0361,0.174,0.0,0.324,0.732,91.007,140533,4
3JvrhDOgAt6p7K8mDyZwRd,Dream Your Life Away (Special Edition),Riptide,Vance Joy,1,4,82,False,0.484,0.731,1,-6.694,1,0.0379,0.431,0.0,0.151,0.51,101.654,204280,4
1p80LdxRV74UKvL8gnD7ky,1989,Blank Space,Taylor Swift,1,2,82,False,0.753,0.6779999999999999,5,-5.421,1,0.0644,0.085,1.64e-06,0.13,0.583,96.006,231827,4
3CA9pLiwRIGtUBiMjbZmRw,Scorpion,Nice For What,Drake,2,4,82,True,0.585,0.909,8,-6.474,1,0.0707,0.0891,9.7e-05,0.11900000000000001,0.758,93.37200000000001,210747,4
0AS63m1wHv9n4VVRizK6Hc,Illuminate (Deluxe),Mercy,Shawn Mendes,1,3,82,False,0.555,0.662,11,-4.952,0,0.0827,0.125,0.0,0.111,0.35600000000000004,148.128,208733,4
2BOqDYLOJBiMOXShCV1neZ,Only Human (Deluxe),Dancing On My Own,Calum Scott,1,7,82,False,0.6809999999999999,0.174,1,-8.745,1,0.0315,0.8370000000000001,3.35e-05,0.0983,0.231,112.67200000000001,260285,4
6h5PAsRni4IRlxWr6uDPTP,More Than You Know,More Than You Know,Axwell /\ Ingrosso,1,1,82,False,0.6459999999999999,0.741,5,-4.973,0,0.034,0.0275,0.0,0.312,0.5710000000000001,123.07700000000001,203000,4
22vgEDb5hykfaTwLuskFGD,Happiness Begins,Sucker,Jonas Brothers,1,1,82,False,0.8420000000000001,0.7340000000000001,1,-5.065,0,0.0588,0.0427,0.0,0.106,0.9520000000000001,137.958,181027,4
1rqqCSm0Qe4I9rUvWncaom,Pray for the Wicked,High Hopes,Panic! At The Disco,1,4,82,False,0.579,0.904,5,-2.7289999999999996,1,0.0618,0.193,0.0,0.064,0.6809999999999999,82.014,190947,4
1tkg4EHVoqnhR6iFEXb60y,Shoot For The Stars Aim For The Moon,What You Know Bout Love,Pop Smoke,1,15,82,True,0.7090000000000001,0.5479999999999999,10,-8.493,1,0.353,0.65,1.59e-06,0.133,0.5429999999999999,83.995,160000,4
1i1fxkWeaMmKEB4T7zqbzK,Don't Let Me Down,Don't Let Me Down,The Chainsmokers; Daya,1,1,82,False,0.532,0.8690000000000001,11,-5.093999999999999,1,0.172,0.157,0.0050799999999999994,0.136,0.42200000000000004,159.803,208373,4
5fVZC9GiM4e8vu99W0Xf6J,How To Save A Life,How to Save a Life,The Fray,1,3,82,False,0.64,0.743,10,-4.08,1,0.0379,0.26899999999999996,0.0,0.10099999999999999,0.361,122.035,262533,4
0QZ5yyl6B6utIWkxeBDxQN,Strange Trails,The Night We Met,Lord Huron,1,14,82,False,0.545,0.366,2,-9.51,1,0.0378,0.9690000000000001,0.267,0.6409999999999999,0.1,86.99700000000001,208212,3
6CjtS2JZH9RkDz5UVInsa9,The Heist,Thrift Shop (feat. Wanz),Macklemore & Ryan Lewis; Macklemore; Ryan Lewis; Wanz,1,3,82,True,0.7809999999999999,0.526,6,-6.986000000000001,0,0.293,0.0633,0.0,0.0457,0.665,94.993,235613,4
58ge6dfP91o9oXMzq3XkIS,Favourite Worst Nightmare (Standard Version),505,Arctic Monkeys,1,12,82,False,0.52,0.852,0,-5.8660000000000005,1,0.0543,0.00237,5.79e-05,0.0733,0.23399999999999999,140.267,253587,4
2bL2gyO6kBdLkNSkxXNh6x,V,Animals,Maroon 5,1,2,82,False,0.27899999999999997,0.742,4,-6.46,0,0.0898,0.000185,0.0,0.593,0.32799999999999996,189.868,231013,4
04aAxqtGp5pv12UXAg4pkq,American Beauty/American Psycho,Centuries,Fall Out Boy,1,3,82,False,0.39299999999999996,0.858,4,-2.8680000000000003,0,0.0729,0.00359,0.0,0.102,0.56,176.042,228360,4
5Z3GHaZ6ec9bsiI5BenrbY,American Teen,Young Dumb & Broke,Khalid,1,2,82,False,0.799,0.539,1,-6.351,1,0.0421,0.19899999999999998,1.66e-05,0.165,0.39399999999999996,136.94799999999998,202547,4
2a1o6ZejUi8U3wzzOtCOYw,Meet The Orphans,Danza Kuduro,Don Omar; Lucenzo,1,12,82,False,0.4,0.915,0,-4.89,1,0.28,0.0846,0.0,0.0503,0.878,88.917,198773,3
3Vi5XqYrmQgOYBajMWSvCi,Planet Her,Need to Know,Doja Cat,1,5,82,True,0.664,0.609,1,-6.5089999999999995,1,0.0707,0.304,0.0,0.0926,0.19399999999999998,130.041,210560,4
2cYqizR4lgvp4Qu6IQ3qGN,ASTROWORLD,BUTTERFLY EFFECT,Travis Scott,1,15,82,False,0.763,0.628,11,-5.85,1,0.05,0.0531,0.0,0.114,0.193,140.958,190557,4
2tnVG71enUj33Ic2nFN6kZ,Ride It,Ride It,Regard,1,1,81,False,0.88,0.7509999999999999,7,-4.258,0,0.0874,0.177,6.43e-05,0.106,0.884,117.948,157606,4
4HBZA5flZLE435QTztThqH,Stuck with U,Stuck with U (with Justin Bieber),Ariana Grande; Justin Bieber,1,1,81,False,0.597,0.45,8,-6.6579999999999995,1,0.0418,0.223,0.0,0.382,0.537,178.765,228482,3
09IStsImFySgyp0pIQdqAc,The Middle,The Middle,Zedd; Maren Morris; Grey,1,1,81,False,0.753,0.657,7,-3.0610000000000004,1,0.0449,0.171,0.0,0.11199999999999999,0.43700000000000006,107.01,184732,4
76cy1WJvNGJTj78UqeA5zr,Dua Lipa (Deluxe),IDGAF,Dua Lipa,1,5,81,True,0.836,0.544,7,-5.975,1,0.0943,0.0403,0.0,0.0824,0.51,97.02799999999999,217947,4
6iaSML1PIYq936g62BDtBq,Death Race For Love (Bonus Track Version),Robbery,Juice WRLD,1,8,81,True,0.623,0.6920000000000001,2,-5.122000000000001,1,0.0504,0.32799999999999996,0.0,0.153,0.5660000000000001,79.899,240051,4
6habFhsOp2NvshLv26DqMb,VIDA,Despacito,Luis Fonsi; Daddy Yankee,1,9,81,False,0.655,0.797,2,-4.787,1,0.153,0.198,0.0,0.067,0.8390000000000001,177.928,229360,4
0TlLq3lA83rQOYtrqBqSct,Scorpion,Nonstop,Drake,1,2,81,True,0.912,0.41200000000000003,7,-8.074,1,0.12300000000000001,0.0165,0.0126,0.10400000000000001,0.423,154.983,238614,4
1rfofaqEpACxVEHIZBJe6W,Camila,Havana (feat. Young Thug),Camila Cabello; Young Thug,1,4,81,False,0.765,0.523,2,-4.333,1,0.03,0.184,3.5600000000000005e-05,0.132,0.39399999999999996,104.988,217307,4
2IRZnDFmlqMuOrYOLnZZyc,Championships,Going Bad (feat. Drake),Meek Mill; Drake,1,9,81,True,0.889,0.496,4,-6.365,0,0.0905,0.259,0.0,0.252,0.544,86.00299999999999,180522,4
4jvjzW7Hm0yK4LvvE0Paz9,"Come Over When You're Sober, Pt. 2",Falling Down - Bonus Track,Lil Peep; XXXTENTACION,1,12,81,True,0.669,0.574,4,-6.442,0,0.0286,0.0175,0.00294,0.146,0.273,120.01299999999999,196400,4
0E9ZjEAyAwOXZ7wJC0PD33,In My Mind,In My Mind,Dynoro; Gigi D'Agostino,1,1,81,False,0.6940000000000001,0.77,6,-5.335,1,0.149,0.17600000000000002,1.1e-05,0.11800000000000001,0.163,125.905,184560,4
6HZILIRieu8S0iqY8kIKhj,DAMN.,DNA.,Kendrick Lamar,1,2,81,True,0.638,0.523,1,-6.664,1,0.35700000000000004,0.00454,0.0,0.0842,0.42200000000000004,139.91299999999998,185947,4
27NovPIUIRrOZoCHxABJwK,INDUSTRY BABY (feat. Jack Harlow),INDUSTRY BABY (feat. Jack Harlow),Lil Nas X; Jack Harlow,1,1,81,True,0.736,0.7040000000000001,3,-7.409,0,0.0615,0.0203,0.0,0.0501,0.894,149.995,212000,4
1EzrEOXmMH3G43AXT1y7pA,We Sing. We Dance. We Steal Things.,I'm Yours,Jason Mraz,1,2,81,False,0.703,0.444,11,-9.331,1,0.0417,0.5589999999999999,0.0,0.0973,0.7120000000000001,150.96,242947,4
1zwMYTA5nlNjZxYrvBB2pV,21,Someone Like You,Adele,1,11,81,False,0.556,0.319,9,-8.251,1,0.0281,0.893,0.0,0.0996,0.294,135.187,285240,4
1rIKgCH4H52lrvDcz50hS8,So Good,Lush Life,Zara Larsson,1,2,81,False,0.6940000000000001,0.7120000000000001,7,-3.923,0,0.046,0.132,0.0,0.21100000000000002,0.799,98.023,201122,4
0wI7QkCcs8FUQE1OkXUIqd,Know-It-All,Scars To Your Beautiful,Alessia Cara,1,10,81,False,0.573,0.7390000000000001,0,-5.74,1,0.129,0.0285,0.0,0.111,0.451,97.085,230240,4
2K87XMYnUMqLcX3zvtAF4G,Made In The A.M. (Deluxe Edition),Drag Me Down,One Direction,1,2,81,False,0.73,0.703,0,-5.672000000000001,0,0.0369,0.109,0.0,0.0657,0.595,138.113,192120,4
7BqHUALzNBTanL6OvsqmC1,Happier,Happier,Marshmello; Bastille,1,1,81,False,0.687,0.792,5,-2.7489999999999997,1,0.0452,0.191,0.0,0.16699999999999998,0.6709999999999999,100.01100000000001,214290,4
5tf1VVWniHgryyumXyJM7w,Sugar,Sugar (feat. Francesco Yates),Robin Schulz; Francesco Yates,1,2,81,False,0.636,0.815,5,-5.098,0,0.0581,0.0185,0.0,0.163,0.636,123.06299999999999,219043,4
4B0JvthVoAAuygILe3n4Bs,Purpose (Deluxe),What Do You Mean?,Justin Bieber,1,3,80,False,0.845,0.5670000000000001,5,-8.118,0,0.0956,0.59,0.0014199999999999998,0.0811,0.7929999999999999,125.02,205680,4
3e7sxremeOE3wTySiOhGiP,Icarus Falls,Dusk Till Dawn (feat. Sia) - Radio Edit,ZAYN; Sia,1,29,80,False,0.259,0.43700000000000006,11,-6.5889999999999995,0,0.0386,0.102,1.32e-06,0.106,0.0951,180.042,239000,4
017PF4Q3l4DBUiWoXk4OWT,Future Nostalgia,Break My Heart,Dua Lipa,1,9,80,False,0.73,0.7290000000000001,4,-3.4339999999999997,0,0.0884,0.16699999999999998,1.39e-06,0.349,0.467,113.01100000000001,221820,4
21RzyxY3EFaxVy6K4RqaU9,Body,Body,Loud Luxury; Brando,1,1,80,False,0.752,0.764,1,-4.399,1,0.038,0.0476,9.44e-05,0.0543,0.5820000000000001,121.958,163216,4
3EPXxR3ImUwfayaurPi3cm,Be Alright,Be Alright,Dean Lewis,1,1,80,True,0.5529999999999999,0.586,11,-6.319,1,0.0362,0.6970000000000001,0.0,0.0813,0.44299999999999995,126.684,196373,4
5DqdesEfbRyOlSS3Tf6c29,YOU,It's You,Ali Gatie,1,1,80,False,0.732,0.46299999999999997,11,-6.972,0,0.0287,0.374,0.0,0.19399999999999998,0.397,95.971,212607,4
0puf9yIluy9W0vpMEUoAnN,Sweet Talker (Deluxe Version),Bang Bang,Jessie J; Ariana Grande; Nicki Minaj,1,4,80,False,0.706,0.7859999999999999,0,-3.417,0,0.091,0.26,0.0,0.38,0.7509999999999999,150.028,199387,4
0PvFJmanyNQMseIFrU708S,Shoot For The Stars Aim For The Moon,For The Night (feat. Lil Baby & DaBaby),Pop Smoke; Lil Baby; DaBaby,1,3,80,True,0.823,0.586,6,-6.606,0,0.2,0.114,0.0,0.193,0.34700000000000003,125.971,190476,4
1SC5rEoYDGUK4NfG82494W,MONTERO,MONTERO (Call Me By Your Name),Lil Nas X,1,1,80,True,0.593,0.503,8,-6.725,0,0.22,0.293,0.0,0.405,0.71,178.78099999999998,137704,4
1A8j067qyiNwQnZT0bzUpZ,Layers,This Girl (Kungs Vs. Cookin' On 3 Burners),Kungs; Cookin' On 3 Burners,1,2,80,False,0.792,0.7170000000000001,0,-4.7589999999999995,0,0.0393,0.0927,3.59e-05,0.226,0.466,121.985,195547,4
78TTtXnFQPzwqlbtbwqN0y,FourFiveSeconds,FourFiveSeconds,Rihanna; Kanye West; Paul McCartney,1,1,80,False,0.5820000000000001,0.272,2,-5.662000000000001,1,0.0501,0.875,0.0,0.13,0.354,205.84599999999998,188238,4
22mek4IiqubGD9ctzxc69s,How Deep Is Your Love,How Deep Is Your Love,Calvin Harris; Disciples,1,1,80,False,0.738,0.868,11,-4.373,0,0.0731,0.0392,0.0016899999999999999,0.38799999999999996,0.336,122.00299999999999,212640,4
4Oun2ylbjFKMPTiaSbbCih,WAP (feat. Megan Thee Stallion),WAP (feat. Megan Thee Stallion),Cardi B; Megan Thee Stallion,1,1,80,True,0.935,0.45399999999999996,1,-7.5089999999999995,1,0.375,0.0194,0.0,0.0824,0.35700000000000004,133.07299999999998,187541,4
1CS7Sd1u5tWkstBhpssyjP,Hozier (Expanded Edition),Take Me to Church,Hozier,1,1,80,False,0.5660000000000001,0.664,4,-5.303,0,0.0464,0.634,0.0,0.11599999999999999,0.43700000000000006,128.945,241693,4
0TK2YIli7K1leLovkQiNik,Señorita,Señorita,Shawn Mendes; Camila Cabello,1,1,80,False,0.759,0.54,9,-6.039,0,0.0287,0.037000000000000005,0.0,0.0945,0.75,116.947,190960,4
7J1uxwnxfQLu4APicE5Rnj,Thriller,Billie Jean,Michael Jackson,1,6,80,False,0.932,0.457,11,-9.62,0,0.0541,0.0173,0.0436,0.0414,0.884,117.00200000000001,294227,4
6cx06DFPPHchuUAcTxznu9,Head & Heart (feat. MNEK),Head & Heart (feat. MNEK),Joel Corry; MNEK,1,1,80,False,0.7340000000000001,0.8740000000000001,8,-3.158,1,0.0662,0.168,1.1400000000000001e-05,0.0489,0.905,122.95299999999999,166028,4
5w9c2J52mkdntKOmRLeM2m,Con Calma,Con Calma,Daddy Yankee; Snow,1,1,80,False,0.737,0.86,8,-2.6519999999999997,0,0.0593,0.11,1.94e-06,0.0574,0.6559999999999999,93.98899999999999,193227,4
5ghIJDpPoe3CfHMGu71E6T,Nevermind (Remastered),Smells Like Teen Spirit,Nirvana,1,1,80,False,0.502,0.912,1,-4.556,1,0.0564,2.55e-05,0.000173,0.106,0.72,116.76100000000001,301920,4
0tBbt8CrmxbjRP0pueQkyU,Wolves,Wolves,Selena Gomez; Marshmello,1,1,80,False,0.7240000000000001,0.804,11,-4.614,0,0.0448,0.124,0.0,0.204,0.306,124.98700000000001,197993,4
72TFWvU3wUYdUuxejTTIzt,ANTI (Deluxe),Work,Rihanna; Drake,1,4,80,True,0.725,0.534,11,-6.2379999999999995,1,0.0946,0.0752,0.0,0.0919,0.5579999999999999,91.97399999999999,219320,4
0PDUDa38GO8lMxLCRc4lL1,Mind Of Mine (Deluxe Edition),PILLOWTALK,ZAYN,1,2,80,True,0.584,0.7,11,-4.275,1,0.0456,0.11699999999999999,0.0,0.0939,0.43799999999999994,124.944,202747,4
5Q0Nhxo0l2bP3pNjpGJwV1,The Time Of Our Lives,Party In The U.S.A.,Miley Cyrus,1,2,80,False,0.652,0.698,10,-4.667,0,0.042,0.00112,0.00011499999999999999,0.0886,0.47,96.021,202067,4
7hU3IHwjX150XLoTVmjD0q,LALISA,MONEY,LISA,1,2,80,True,0.831,0.5539999999999999,1,-9.998,0,0.218,0.161,6.12e-05,0.152,0.396,140.026,168228,4
58q2HKrzhC3ozto2nDdN4z,Invasion of Privacy,I Like It,Cardi B; Bad Bunny; J Balvin,1,7,80,True,0.816,0.726,5,-3.998,0,0.129,0.099,0.0,0.37200000000000005,0.65,136.048,253390,4
3Dv1eDb0MEgF93GpLXlucZ,Hot Pink,Say So,Doja Cat,1,5,79,True,0.787,0.6729999999999999,11,-4.583,0,0.159,0.264,3.35e-06,0.0904,0.779,110.962,237893,4
3ebXMykcMXOcLeJ9xZ17XH,Scared to Be Lonely,Scared to Be Lonely,Martin Garrix; Dua Lipa,1,1,79,False,0.584,0.54,1,-7.7860000000000005,0,0.0576,0.0895,0.0,0.261,0.195,137.972,220883,4
08bNPGLD8AhKpnnERrAc6G,FRIENDS,FRIENDS,Marshmello; Anne-Marie,1,1,79,True,0.626,0.88,9,-2.384,0,0.0504,0.205,0.0,0.128,0.534,95.079,202621,4
6f3Slt0GbA2bPZlz0aIFXN,The Business,The Business,Tiësto,1,1,79,False,0.7979999999999999,0.62,8,-7.079,0,0.23199999999999998,0.414,0.0192,0.11199999999999999,0.235,120.031,164000,4
3d8y0t70g7hw2FOWl9Z4Fm,Cleopatra,Ophelia,The Lumineers,1,2,79,False,0.664,0.573,5,-6.519,1,0.0277,0.613,0.000363,0.0857,0.5660000000000001,76.023,160097,4
7ytR5pFWmSjzHJIeQkgog4,BLAME IT ON BABY,ROCKSTAR (feat. Roddy Ricch),DaBaby; Roddy Ricch,1,7,79,True,0.746,0.69,11,-7.956,1,0.16399999999999998,0.247,0.0,0.10099999999999999,0.49700000000000005,89.977,181733,4
1Xi84slp6FryDSCbzq4UCD,Arcade,Arcade,Duncan Laurence,1,1,79,False,0.45,0.32899999999999996,9,-12.603,0,0.0441,0.818,0.00109,0.135,0.266,71.884,183624,3
0Aqi7ArnBrGblW5T6p2jmD,Nicotine,Falling,Trevor Daniel,1,10,79,False,0.785,0.431,10,-8.756,0,0.0364,0.12300000000000001,0.0,0.0887,0.23600000000000002,127.085,159382,4
5eqK0tbzUPo2SoeZsov04s,Issa Album,Bank Account,21 Savage,1,2,79,True,0.884,0.34700000000000003,8,-8.227,0,0.35,0.015,7.000000000000001e-06,0.0871,0.376,75.016,220307,4
6jRq8gaZhMUyy5RclRPcAf,everything means nothing,hot girl bummer,blackbear,1,1,79,True,0.782,0.5589999999999999,6,-7.106,0,0.0767,0.125,0.0,0.385,0.685,129.99200000000002,188344,1
2kJwzbxV2ppxnQoYw4GLBZ,If the World Was Ending (feat. Julia Michaels),If the World Was Ending (feat. Julia Michaels),JP Saxe; Julia Michaels,1,1,79,False,0.46399999999999997,0.473,1,-10.086,1,0.129,0.866,0.0,0.109,0.604,75.801,208687,4
4tCtwWceOPWzenK2HAIJSb,7/27 (Deluxe),Work from Home (feat. Ty Dolla $ign),Fifth Harmony; Ty Dolla $ign,1,2,79,False,0.8029999999999999,0.585,8,-5.861000000000001,1,0.0432,0.10300000000000001,3.94e-06,0.0644,0.593,105.01700000000001,214480,4
4P5KoWXOxwuobLmHXLMobV,Nevermind (Remastered),Come As You Are,Nirvana,1,3,79,False,0.5,0.8240000000000001,4,-5.846,0,0.0388,0.00016,0.00161,0.0916,0.539,120.125,218920,4
5R8dQOPq8haW94K7mgERlO,The Fame,Poker Face,Lady Gaga,1,4,79,False,0.851,0.8059999999999999,4,-4.62,1,0.0787,0.11800000000000001,1.64e-06,0.121,0.787,118.999,237200,4
5jrdCoLpJSvHHorevXBATy,PRISM (Deluxe),Dark Horse,Katy Perry; Juicy J,1,6,79,False,0.645,0.585,6,-6.122000000000001,1,0.0513,0.00314,0.0,0.165,0.353,131.931,215672,4
1I8tHoNBFTuoJAlh4hfVVE,Cloud Nine,Firestone,Kygo; Conrad Sewell,1,5,79,False,0.7040000000000001,0.634,11,-7.374,0,0.0428,0.39299999999999996,3.17e-05,0.0952,0.41100000000000003,113.927,271640,4
2KH16WveTQWT6KOG9Rg6e2,Rocky IV,Eye of the Tiger,Survivor,1,4,79,False,0.8170000000000001,0.599,0,-9.249,0,0.0328,0.132,0.00031099999999999997,0.0873,0.5479999999999999,108.87299999999999,245640,4
0W4Kpfp1w2xkY3PrV714B7,The Lumineers,Ho Hey,The Lumineers,1,5,79,False,0.685,0.466,0,-9.074,1,0.0304,0.794,2.06e-06,0.0915,0.353,79.936,163133,4
7vRriwrloYVaoAe3a9wJHe,us,"i hate u, i love u (feat. olivia o'brien)",gnash; Olivia O'Brien,1,6,78,True,0.49200000000000005,0.275,6,-13.4,0,0.3,0.687,0.0,0.10099999999999999,0.18,92.6,251034,4
748mdHapucXQri7IAO8yFK,Kiss Me More (feat. SZA),Kiss Me More (feat. SZA),Doja Cat; SZA,1,1,78,True,0.762,0.701,8,-3.5410000000000004,1,0.0286,0.235,0.00015800000000000002,0.12300000000000001,0.742,110.96799999999999,208867,4
40YcuQysJ0KlGQTeGUosTC,When It's Dark Out,"Me, Myself & I",G-Eazy; Bebe Rexha,1,3,78,True,0.7559999999999999,0.674,0,-6.518,0,0.0959,0.0184,0.0,0.158,0.389,111.995,251467,4
5HQVUIKwCEXpe7JIHyY734,"Young, Wild & Free (feat. Bruno Mars)","Young, Wild & Free (feat. Bruno Mars)",Snoop Dogg; Wiz Khalifa; Bruno Mars,1,1,78,True,0.715,0.655,0,-6.425,1,0.13699999999999998,0.0525,0.0,0.115,0.531,95.07799999999999,207333,4
5xTtaWoae3wi06K5WfVUUH,1989,Shake It Off,Taylor Swift,1,6,78,False,0.647,0.785,7,-5.414,1,0.165,0.0561,0.0,0.14800000000000002,0.943,160.015,219200,4
3HVWdVOQ0ZA45FuZGSfvns,I Don't Care (with Justin Bieber),I Don't Care (with Justin Bieber),Ed Sheeran & Justin Bieber; Justin Bieber,1,1,78,False,0.7979999999999999,0.675,6,-5.041,1,0.0442,0.0912,0.0,0.0894,0.8420000000000001,101.956,219947,4
0ll8uFnc0nANY35E0Lfxvg,Hopes And Fears,Somewhere Only We Know,Keane,1,1,78,False,0.45299999999999996,0.655,9,-4.22,1,0.0259,0.0794,7.61e-06,0.0849,0.368,172.012,236160,4
7vu0JkJh0ldukEYbTVcqd0,Nervous System,Issues,Julia Michaels,1,1,78,False,0.728,0.415,8,-6.852,1,0.0639,0.401,0.0,0.0616,0.455,114.145,176320,4
1Ist6PR2BZR3n2z2Y5R6S1,Born To Die – Paradise Edition (Special Version),Summertime Sadness,Lana Del Rey,1,11,78,False,0.5660000000000001,0.647,1,-6.815,0,0.0335,0.0477,0.0,0.121,0.22,111.96,264773,4
2YpeDb67231RjR0MgVLzsG,7 EP,Old Town Road - Remix,Lil Nas X; Billy Ray Cyrus,1,1,78,False,0.878,0.619,6,-5.56,1,0.102,0.0533,0.0,0.113,0.639,136.041,157067,4
2grjqo0Frpf2okIBiifQKs,"The Best Of Earth, Wind & Fire Vol. 1",September,"Earth, Wind & Fire",1,7,78,False,0.6970000000000001,0.8320000000000001,9,-7.263999999999999,1,0.0298,0.168,0.00131,0.26899999999999996,0.9790000000000001,125.926,215093,4
6uBhi9gBXWjanegOb2Phh0,Stay,Stay,Zedd; Alessia Cara,1,1,78,False,0.69,0.622,5,-5.025,0,0.0622,0.253,0.0,0.11599999999999999,0.544,102.04,210091,4
696DnlkuDOXcMAnKlTgXXK,ROXANNE,ROXANNE,Arizona Zervas,1,1,78,True,0.621,0.601,6,-5.6160000000000005,0,0.14800000000000002,0.0522,0.0,0.46,0.457,116.735,163636,5
6De0lHrwBfPfrhorm9q1Xl,Me Rehúso,Me Rehúso,Danny Ocean,1,1,78,False,0.7440000000000001,0.804,1,-6.327000000000001,1,0.0677,0.0231,0.0,0.0494,0.426,104.823,205715,4
5Gu0PDLN4YJeW75PpBSg9p,"Let Me Go (with Alesso, Florida Georgia Line & watt)","Let Me Go (with Alesso, Florida Georgia Line & watt)",Hailee Steinfeld; Alesso; Florida Georgia Line; WATT,1,1,78,False,0.664,0.708,8,-4.154,1,0.0474,0.0337,0.0,0.0841,0.742,103.07,174800,4
2XU0oxnq2qxCpomAAuJY8K,Dance Monkey (Stripped Back) / Dance Monkey,Dance Monkey,Tones And I,1,2,78,False,0.8240000000000001,0.588,6,-6.4,0,0.0924,0.6920000000000001,0.00010400000000000001,0.149,0.513,98.027,209438,4
3VqHuw0wFlIHcIPWkhIbdQ,Metallica (Remastered),Enter Sandman (Remastered),Metallica,1,1,78,False,0.5660000000000001,0.8340000000000001,6,-8.412,0,0.0298,0.00277,0.008,0.0625,0.621,123.296,331560,4
3H7ihDc1dqLriiWXwsc2po,Breaking Me,Breaking Me,Topic; A7S,1,1,78,False,0.789,0.72,8,-5.652,0,0.218,0.223,0.0,0.129,0.664,122.031,166794,4
5yY9lUy8nbvjM1Uyo1Uqoc,Life Is Good (feat. Drake),Life Is Good (feat. Drake),Future; Drake,1,1,78,True,0.6759999999999999,0.609,2,-5.831,0,0.48100000000000004,0.0706,0.0,0.152,0.508,142.037,237735,4
4a9tbd947vo9K8Vti9JwcI,MAP OF THE SOUL : PERSONA,Boy With Luv (feat. Halsey),BTS; Halsey,1,2,78,False,0.645,0.862,11,-4.761,0,0.0845,0.0933,0.0,0.193,0.8029999999999999,119.947,229773,4
5bcTCxgc7xVfSaMV3RuVke,Funk Wav Bounces Vol.1,"Feels (feat. Pharrell Williams, Katy Perry & Big Sean)",Calvin Harris; Pharrell Williams; Katy Perry; Big Sean; Funk Wav,1,8,78,True,0.893,0.745,11,-3.105,0,0.0571,0.0642,0.0,0.0943,0.872,101.01799999999999,223413,4
5tz69p7tJuGPeMGwNTxYuV,Everybody,1-800-273-8255,Logic; Alessia Cara; Khalid,1,10,78,True,0.62,0.574,5,-7.787999999999999,0,0.0479,0.569,0.0,0.19,0.35700000000000004,100.023,250173,4
5jsw9uXEGuKyJzs0boZ1bT,Handwritten,Stitches,Shawn Mendes,1,2,77,False,0.752,0.754,1,-6.684,1,0.0615,0.0151,0.0,0.0486,0.755,149.789,206880,4
2H1047e0oMSj10dgp7p2VG,THE E.N.D. (THE ENERGY NEVER DIES),I Gotta Feeling,Black Eyed Peas,1,5,77,False,0.7440000000000001,0.7659999999999999,0,-6.375,1,0.0265,0.0873,0.0,0.509,0.61,127.96600000000001,289133,4
1KxwZYyzWNyZSRyErj2ojT,All The Little Lights,Let Her Go,Passenger,1,2,77,False,0.479,0.545,7,-7.346,1,0.0688,0.365,0.0,0.0963,0.243,74.89699999999999,252733,4
4wCmqSrbyCgxEXROQE6vtV,Making Mirrors,Somebody That I Used To Know,Gotye; Kimbra,1,3,77,False,0.8640000000000001,0.495,0,-7.0360000000000005,1,0.037000000000000005,0.591,0.000133,0.0992,0.72,129.062,244973,4
7k4t7uLgtOxPwTpFmtJNTY,Tusa,Tusa,KAROL G; Nicki Minaj,1,1,77,False,0.8029999999999999,0.715,2,-3.28,1,0.298,0.295,0.000134,0.0574,0.574,101.085,200960,4
3V8UKqhEK5zBkBb6d6ub8i,Te Boté (Remix),Te Boté - Remix,Nio Garcia; Casper Magico; Bad Bunny; Darell; Ozuna; Nicky Jam,1,1,77,True,0.903,0.675,11,-3.445,0,0.214,0.542,1.28e-05,0.0595,0.442,96.507,417920,4
0g5EKLgdKvNlln7TNqBByK,Encore,Middle,DJ Snake; Bipolar Sunshine,1,2,77,False,0.583,0.695,9,-5.336,1,0.0423,0.0141,0.0,0.0527,0.22399999999999998,104.87899999999999,220573,4
0yvPEnB032fojLfVluFjUv,Tell Me You Love Me,Sorry Not Sorry,Demi Lovato,1,1,77,True,0.706,0.643,11,-6.928999999999999,0,0.23399999999999999,0.0242,0.0,0.262,0.885,143.931,203760,4
3Ofmpyhv5UAQ70mENzB277,Astronaut In The Ocean,Astronaut In The Ocean,Masked Wolf,1,1,77,True,0.778,0.695,4,-6.865,0,0.0913,0.175,0.0,0.15,0.47200000000000003,149.996,132780,4
4RY96Asd9IefaL3X4LOLZ8,Get Rich Or Die Tryin',In Da Club,50 Cent,1,5,77,True,0.902,0.72,6,-2.7760000000000002,0,0.34700000000000003,0.26,0.0,0.0749,0.805,90.059,193467,4
2ksOAxtIxY8yElEWw8RhgK,China,China,Anuel AA; Daddy Yankee; KAROL G; J Balvin; Ozuna,1,1,77,False,0.7859999999999999,0.8079999999999999,7,-3.702,1,0.0882,0.0846,0.00028900000000000003,0.0822,0.609,105.027,301714,4
4dASQiO1Eoo3RJvt74FtXB,Sucker for Pain (with Logic & Ty Dolla $ign feat. X Ambassadors),"Sucker for Pain (with Wiz Khalifa, Imagine Dragons, Logic & Ty Dolla $ign feat. X Ambassadors)",Lil Wayne; Wiz Khalifa; Imagine Dragons; X Ambassadors; Logic; Ty Dolla $ign,1,1,77,True,0.502,0.7859999999999999,9,-4.378,0,0.317,0.255,0.0,0.65,0.7390000000000001,169.021,243491,4
4w8niZpiMy6qz1mntFA5uM,"Taki Taki (with Selena Gomez, Ozuna & Cardi B)","Taki Taki (with Selena Gomez, Ozuna & Cardi B)",DJ Snake; Selena Gomez; Ozuna; Cardi B,1,1,77,True,0.8420000000000001,0.8009999999999999,8,-4.167,0,0.228,0.157,4.82e-06,0.0642,0.617,95.881,212500,4
7hxHWCCAIIxFLCzvDgnQHX,B4 The Storm,"Lemonade (feat. Gunna, Don Toliver & NAV)",Internet Money; Gunna; Don Toliver; NAV,1,17,77,True,0.8,0.6579999999999999,1,-6.142,0,0.079,0.25,0.0,0.111,0.462,140.042,195429,4
1Lim1Py7xBgbAkAys3AGAG,Peace Is The Mission (Extended),Lean On,Major Lazer; MØ; DJ Snake,1,4,77,False,0.723,0.809,7,-3.0810000000000004,0,0.0625,0.00346,0.00123,0.565,0.27399999999999997,98.007,176561,4
5knuzwU65gJK7IF5yJsuaW,Rockabye (feat. Sean Paul & Anne-Marie),Rockabye (feat. Sean Paul & Anne-Marie),Clean Bandit; Sean Paul; Anne-Marie,1,1,76,False,0.72,0.763,9,-4.0680000000000005,0,0.0523,0.406,0.0,0.18,0.742,101.965,251088,4
4umIPjkehX1r7uhmGvXiSV,Changes,Intentions (feat. Quavo),Justin Bieber; Quavo,1,4,76,False,0.8059999999999999,0.546,9,-6.6370000000000005,1,0.0575,0.3,0.0,0.102,0.8740000000000001,147.986,212867,4
2d8JP84HNLKhmd6IYOoupQ,Fetty Wap (Deluxe),Trap Queen,Fetty Wap,1,1,76,True,0.746,0.873,7,-3.803,1,0.128,0.0244,0.0,0.354,0.8170000000000001,148.075,222093,4
3rdAz1fbUfZxYgaCviYhRo,VICE VERSA,Todo De Ti,Rauw Alejandro,1,1,76,True,0.78,0.7190000000000001,3,-3.613,0,0.0506,0.302,0.000196,0.0931,0.336,127.962,199604,4
7GgWAITsYJaRM3r50rfh5w,25,When We Were Young,Adele,1,4,76,False,0.376,0.595,3,-5.936,1,0.0496,0.303,0.0,0.095,0.265,144.361,290900,4
1xQ6trAsedVPCdbtDAmk0c,Savage Love (Laxed - Siren Beat),Savage Love (Laxed - Siren Beat),Jawsh 685; Jason Derulo,1,1,76,True,0.767,0.48100000000000004,0,-8.52,0,0.0803,0.23399999999999999,0.0,0.26899999999999996,0.7609999999999999,150.076,171375,4
14OxJlLdcHNpgsm4DRwDOB,Queen Of The Clouds,Habits (Stay High),Tove Lo,1,13,76,False,0.7290000000000001,0.65,5,-3.5389999999999997,1,0.0313,0.0702,6.69e-05,0.0829,0.34700000000000003,110.02,209160,4
7hQJA50XrCWABAu5v6QZ4i,Jazz (Deluxe Remastered Version),Don't Stop Me Now - Remastered 2011,Queen,1,12,76,False,0.563,0.865,5,-5.277,1,0.16,0.0472,0.00019099999999999998,0.77,0.601,156.27100000000002,209413,4
0d2iYfpKoM0QCKvcLCkBao,Eastside (with Halsey & Khalid),Eastside (with Halsey & Khalid),benny blanco; Halsey; Khalid,1,1,76,False,0.56,0.68,6,-7.648,0,0.321,0.555,0.0,0.11599999999999999,0.319,89.391,173800,4
2toVe5hfuIi97ytDPDbQFt,Legendary,Taste (feat. Offset),Tyga; Offset,1,13,76,True,0.866,0.613,0,-6.385,1,0.151,0.0293,0.0,0.10400000000000001,0.359,98.001,229210,4
5p7ujcrUXASCNwRaWNHR1C,Without Me,Without Me,Halsey,1,1,76,True,0.752,0.488,6,-7.05,1,0.0705,0.297,9.11e-06,0.0936,0.5329999999999999,136.041,201661,4
0ZfByLXCeKchuj7zi1CJ0S,Sadnecessary (Bonus Track Version),Stolen Dance,Milky Chance,1,11,76,False,0.879,0.565,11,-8.809,1,0.037000000000000005,0.41200000000000003,0.000239,0.0798,0.685,114.009,313627,4
4Ce37cRWvM1vIGGynKcs22,Starving,Starving,Hailee Steinfeld; Grey; Zedd,1,1,76,False,0.728,0.616,4,-4.238,1,0.0645,0.37799999999999995,0.0,0.105,0.508,99.962,181880,4
6sy3LkhNFjJWlaeSMNwQ62,Native,Counting Stars,OneRepublic,1,1,76,False,0.664,0.705,1,-4.9719999999999995,0,0.0382,0.0654,0.0,0.115,0.47700000000000004,122.01700000000001,257840,4
6kex4EBAj0WHXDKZMEJaaF,Swalla (feat. Nicki Minaj & Ty Dolla $ign),Swalla (feat. Nicki Minaj & Ty Dolla $ign),Jason Derulo; Nicki Minaj; Ty Dolla $ign,1,1,76,True,0.696,0.8170000000000001,1,-3.862,1,0.109,0.075,0.0,0.187,0.782,98.064,216409,4
1x5sYLZiu9r5E43kMlt9f8,Symphony (feat. Zara Larsson),Symphony (feat. Zara Larsson),Clean Bandit; Zara Larsson,1,1,76,False,0.7070000000000001,0.629,0,-4.581,0,0.0563,0.259,1.6e-05,0.138,0.457,122.863,212459,4
66hayvUbTotekKU3H4ta1f,Skrillex and Diplo present Jack Ü,Where Are Ü Now (with Justin Bieber),Jack Ü; Skrillex; Diplo; Justin Bieber,1,9,75,False,0.43200000000000005,0.7809999999999999,4,-4.038,0,0.0567,0.040999999999999995,4.21e-06,0.0789,0.19699999999999998,139.43200000000002,250286,4
7iDa6hUg2VgEL1o1HjmfBn,All Your Fault: Pt. 2,Meant to Be (feat. Florida Georgia Line),Bebe Rexha; Florida Georgia Line,1,6,75,False,0.643,0.7829999999999999,10,-6.457999999999999,1,0.0856,0.047,0.0,0.083,0.579,154.084,163870,4
7a86XRg84qjasly9f6bPSD,Some Nights,We Are Young (feat. Janelle Monáe),fun.; Janelle Monáe,1,3,75,False,0.37799999999999995,0.638,10,-5.5760000000000005,1,0.075,0.02,7.659999999999999e-05,0.0849,0.735,184.08599999999998,250627,4
3TGRqZ0a2l1LRblBkJoaDx,Kiss (Deluxe),Call Me Maybe,Carly Rae Jepsen,1,3,75,False,0.7829999999999999,0.58,7,-6.547999999999999,1,0.0408,0.0114,2.28e-06,0.10800000000000001,0.66,120.021,193400,4
0Cy7wt6IlRfBPHXXjmZbcP,Fifty Shades Freed (Original Motion Picture Soundtrack),Love Me Like You Do,Ellie Goulding,1,17,75,False,0.489,0.597,5,-6.632999999999999,0,0.0292,0.27,0.0,0.105,0.324,95.012,253520,4
1WkMMavIMc4JZ8cfMmxHkI,TROLLS (Original Motion Picture Soundtrack),"CAN'T STOP THE FEELING! (from DreamWorks Animation's ""TROLLS"")",Justin Timberlake,1,2,75,False,0.669,0.8320000000000001,0,-5.721,1,0.0682,0.0106,0.0,0.0968,0.7,113.035,237547,4
57JVGBtBLCfHw2muk5416J,The Game (Deluxe Remastered Version),Another One Bites The Dust - Remastered 2011,Queen,1,3,75,False,0.9329999999999999,0.528,5,-6.472,0,0.162,0.11199999999999999,0.32899999999999996,0.163,0.7559999999999999,109.975,214653,4
5iwz1NiezX7WWjnCgY5TH4,Calma (Remix),Calma - Remix,Pedro Capó; Farruko,1,1,75,False,0.826,0.773,11,-4.218,0,0.0524,0.32299999999999995,0.0,0.14300000000000002,0.7609999999999999,126.899,238200,4
6Qs4SXO9dwPj5GKvVOv8Ki,Dancing With A Stranger (with Normani),Dancing With A Stranger (with Normani),Sam Smith; Normani,1,1,75,False,0.741,0.52,8,-7.513,1,0.0656,0.45,1.97e-06,0.222,0.34700000000000003,102.99799999999999,171030,4
3s4U7OHV7gnj42VV72eSZ6,Rather Be (feat. Jess Glynne),Rather Be (feat. Jess Glynne),Clean Bandit; Jess Glynne,1,1,75,False,0.799,0.586,11,-6.735,1,0.0377,0.162,2.03e-06,0.193,0.5489999999999999,120.97,227833,4
6zeeWid2sgw4lap2jV61PZ,Suncity,Better,Khalid,1,6,75,False,0.596,0.552,0,-10.277999999999999,0,0.09699999999999999,0.0765,0.33399999999999996,0.10400000000000001,0.11199999999999999,97.949,229320,4
2yPoXCs7BSIUrucMdK5PzV,Good Girl Gone Bad,Umbrella,Rihanna; JAY-Z,1,1,74,False,0.583,0.8290000000000001,1,-4.603,1,0.134,0.00864,0.0,0.0426,0.575,174.028,275987,4
5CLGzJsGqhCEECcpnFQA8x,"These Days (feat. Jess Glynne, Macklemore & Dan Caplen)","These Days (feat. Jess Glynne, Macklemore & Dan Caplen)",Rudimental; Jess Glynne; Macklemore; Dan Caplen,1,1,74,False,0.653,0.809,0,-4.0569999999999995,1,0.0474,0.19399999999999998,0.0,0.165,0.55,92.213,210773,4
11IzgLRXV7Cgek3tEgGgjw,Hot Space (Deluxe Remastered Version),Under Pressure - Remastered 2011,Queen; David Bowie,1,11,74,False,0.6709999999999999,0.711,2,-7.813,1,0.0478,0.42200000000000004,0.0,0.10400000000000001,0.466,113.809,248440,4
