word,Afterglow,Cornelia Street,Cruel Summer,Daylight,Death By A Thousand Cuts,False God,I Forgot That You Existed,I Think He Knows,It's Nice To Have A Friend,London Boy,Lover,ME! (Ft. Brendon Urie of Panic! At The Disco),Miss Americana & The Heartbreak Prince,Paper Rings,Soon You'll Get Better (Ft. The Chicks),The Archer,The Man,You Need To Calm Down
16th,0,0,0,0,0,0,0,4,0,0,0,0,0,0,0,0,0,0
17,0,0,0,0,0,0,0,1,0,0,0,0,0,0,0,0,0,0
7,0,0,0,0,0,0,0,0,0,0,0,0,0,0,0,0,0,1
a,1,3,11,3,14,7,2,3,8,14,4,11,9,3,2,2,15,5
about,0,0,0,0,0,2,0,0,0,0,1,1,0,0,1,0,1,1
accent,0,0,0,0,0,0,0,0,0,1,0,0,0,0,0,0,0,0
accidents,0,0,0,0,0,0,0,0,0,0,0,0,0,4,0,0,0,0
adore,0,0,0,0,0,0,0,0,0,0,0,0,1,0,0,0,0,0
afraid,0,0,0,2,0,0,0,0,0,0,0,0,0,0,0,0,0,0
after,0,0,0,0,0,0,0,0,0,0,0,1,0,0,0,0,0,0
afterglow,3,0,0,0,0,0,0,0,0,0,0,0,0,0,0,0,0,0
afternoon,0,0,0,0,0,0,0,0,0,3,0,0,0,0,0,0,0,0
again,0,13,0,0,0,0,0,0,0,0,0,0,0,0,0,1,6,0
ages,0,0,0,0,1,0,0,0,0,0,0,0,0,0,0,0,0,1
ago,0,1,0,0,0,0,0,0,0,0,0,0,0,0,0,0,0,0
ah,0,0,0,2,0,1,0,3,0,0,3,0,2,1,0,0,0,0
ahah,0,0,0,0,0,0,0,0,0,1,0,0,0,2,0,0,0,0
ain't,0,0,2,0,0,0,0,4,0,0,0,3,0,0,0,0,0,1
air,0,1,0,1,0,0,0,0,0,0,0,0,0,0,0,0,0,0
all,7,0,0,6,0,2,2,1,0,6,3,1,0,4,1,5,2,5
all's,0,0,0,0,0,0,0,0,0,0,1,0,0,0,0,0,0,0
almost,0,0,0,0,0,0,0,0,0,0,0,0,0,0,0,1,0,0
alone,0,0,0,0,0,0,0,1,0,0,0,1,0,0,0,2,0,0
alpha,0,0,0,0,0,0,0,0,0,0,0,0,0,0,0,0,1,0
alright,0,0,0,0,3,0,0,0,0,0,0,0,0,2,0,1,0,0
altar,0,0,0,0,0,2,0,0,0,0,0,0,0,0,0,0,0,0
always,0,0,2,0,0,0,0,0,0,0,3,0,0,0,0,0,0,0
am,0,0,0,0,1,0,0,2,0,0,0,1,0,0,2,0,0,1
american,0,0,0,0,0,0,0,0,0,3,0,0,2,0,0,0,0,0
americana,0,0,0,0,0,0,0,0,0,0,0,0,3,0,0,0,0,0
an,1,1,0,0,0,0,0,2,0,0,0,0,0,0,0,0,1,0
and,2,8,11,16,3,6,12,6,0,4,16,14,19,7,4,3,12,12
angels,0,0,2,0,0,0,0,0,0,0,0,0,0,0,0,0,0,0
another,0,0,0,0,0,0,0,0,0,0,0,5,0,0,0,0,0,0
anybody,0,0,0,0,0,0,0,0,0,0,0,0,0,0,0,0,0,1
anything,0,0,0,6,0,0,0,0,0,0,0,0,0,0,0,0,0,0
apartment,0,1,0,0,0,0,0,0,0,0,0,0,0,0,0,0,0,0
archer,0,0,0,0,0,0,0,0,0,0,0,0,0,0,0,3,0,0
architect,0,0,0,0,0,0,0,2,0,0,0,0,0,0,0,0,0,0
are,0,0,0,2,0,0,1,0,0,4,0,0,3,0,0,0,0,5
arms,0,0,0,0,0,0,0,0,0,0,0,0,0,2,0,0,0,0
around,0,1,0,0,0,0,1,2,0,0,0,0,0,2,0,0,0,0
arrow,0,1,0,0,0,0,0,0,0,0,0,0,0,0,0,0,0,0
as,0,2,0,2,0,0,4,0,0,2,0,0,0,0,0,0,10,0
ask,0,0,0,0,2,0,0,0,0,0,0,0,0,0,0,0,0,0
at,0,0,0,3,0,0,0,1,0,0,1,0,1,0,0,0,6,3
attack,1,0,0,0,0,0,0,0,0,0,0,0,0,0,0,0,0,0
attitude,0,0,0,0,0,0,0,3,0,0,0,0,0,0,0,0,0,0
autumn,0,1,0,0,0,0,0,0,0,0,0,0,0,0,0,0,0,0
avenue,0,0,0,0,0,0,0,4,0,0,0,0,0,0,0,0,0,0
awake,0,0,0,2,0,0,0,0,0,0,0,0,0,0,0,0,0,0
away,1,3,0,2,0,4,1,0,0,0,0,1,3,2,0,0,0,0
awesome,0,0,0,0,0,0,0,0,0,0,0,2,0,0,0,0,0,0
ayy,0,0,0,0,0,0,0,0,0,0,0,0,0,2,0,0,1,0
babe,0,0,0,0,0,2,0,0,1,0,0,0,0,0,0,0,0,0
babes,0,0,0,0,0,0,0,0,0,1,0,0,0,0,0,0,0,0
baby,0,6,2,0,3,0,0,3,0,0,0,13,0,2,0,0,0,0
back,1,2,2,2,0,0,0,0,1,3,0,0,0,1,1,0,0,0
backseat,0,1,0,0,0,0,0,0,0,0,0,0,0,0,0,0,0,0
bad,0,0,2,0,1,0,0,0,0,0,0,0,11,0,1,0,2,0
bags,0,1,0,0,0,0,0,0,0,0,0,0,0,0,0,0,0,0
baller,0,0,0,0,0,0,0,0,0,0,0,0,0,0,0,0,1,0
band,0,0,0,0,0,0,0,0,0,0,0,2,1,0,0,0,0,0
bar,0,1,2,0,0,0,0,0,0,0,0,0,0,0,0,0,0,0
barefoot,0,1,0,0,0,0,0,0,0,0,0,0,0,0,0,0,0,0
battered,0,0,0,0,0,0,0,0,0,0,0,0,1,0,0,0,0,0
be,1,0,2,6,3,0,0,0,0,10,5,0,1,3,0,0,24,3
became,0,1,0,1,0,0,0,0,0,0,0,0,0,0,0,0,0,0
because,0,0,0,1,0,0,0,0,0,0,0,0,0,0,1,0,0,0
bed,0,0,0,1,0,0,0,0,1,0,0,0,0,1,0,0,0,0
been,0,0,0,3,0,0,1,0,1,0,2,0,1,0,1,6,0,0
before,0,2,0,0,0,0,0,0,0,0,0,1,2,0,0,0,1,0
begging,0,0,0,0,0,1,0,0,0,0,0,0,0,0,0,0,0,0
beginnings,0,1,0,0,0,0,0,0,0,0,0,0,0,0,0,0,0,0
behind,1,0,0,0,0,0,0,0,0,0,0,0,0,0,0,0,0,0
being,0,0,0,0,0,0,0,0,0,0,0,0,0,0,0,0,0,4
believed,0,0,0,3,0,0,0,0,0,0,0,0,0,0,0,0,0,0
believes,0,0,0,0,0,0,0,0,0,0,0,0,0,0,0,0,1,0
bell,0,0,0,0,0,0,0,0,1,0,0,0,0,0,0,0,0,0
bells,0,0,0,0,0,0,0,0,1,0,0,0,0,0,0,0,0,0
below,1,0,1,0,0,0,0,0,0,0,0,0,0,0,0,0,0,0
beside,0,0,0,0,0,0,0,0,0,0,0,0,0,1,0,0,0,0
best,0,0,0,0,0,0,0,0,0,3,0,0,0,0,1,0,0,0
better,0,0,0,0,0,0,0,1,0,0,0,0,0,0,12,0,0,0
between,0,0,0,0,0,0,0,0,0,0,0,0,1,0,0,0,0,0
bitch,0,0,0,0,0,0,0,0,0,0,0,0,0,0,0,0,1,0
bitches,0,0,0,0,0,0,0,0,0,0,0,0,0,0,0,0,1,0
black,0,0,0,1,0,0,0,0,0,0,0,0,0,0,0,0,0,0
blame,1,0,0,0,0,0,0,0,0,0,0,0,0,0,0,0,0,0
blanks,0,1,0,0,0,0,0,0,0,0,0,0,0,0,0,0,0,0
bleed,0,0,1,0,0,0,0,0,0,0,0,0,0,0,0,0,0,0
bless,0,1,0,0,0,0,0,14,0,0,0,0,0,0,0,0,0,0
blew,1,0,0,0,0,0,0,0,0,0,0,0,0,0,0,0,0,0
blind,0,0,0,0,0,4,0,0,0,0,0,0,0,0,0,0,0,0
blows,1,0,0,0,0,0,0,0,0,0,0,0,0,0,0,0,0,0
blue,1,0,3,0,0,0,0,0,0,1,1,0,4,1,0,0,0,0
bluff,0,0,0,0,0,0,0,0,1,0,0,0,0,0,0,0,0,0
blur,0,0,0,0,0,0,1,0,0,0,0,0,0,0,0,0,0,0
boarded,0,0,0,0,3,0,0,0,0,0,0,0,0,0,0,0,0,0
body,0,0,3,0,2,0,0,1,0,0,0,0,0,0,0,0,0,0
bond,0,0,0,0,0,0,0,0,0,2,0,0,0,0,0,0,0,0
bone,0,0,1,0,0,0,0,0,0,0,0,0,0,0,0,0,0,0
bones,0,0,0,0,0,0,0,0,0,0,0,0,0,0,0,0,0,1
books,0,0,0,0,0,0,0,0,0,0,0,0,0,1,0,0,0,0
bore,0,0,0,0,0,0,0,0,0,0,0,1,0,0,0,0,0,0
borrowed,0,0,0,0,0,0,0,0,0,0,1,0,0,0,0,0,0,0
boss,0,0,0,0,0,0,0,0,0,0,0,0,0,0,0,0,1,0
bottles,0,0,0,0,0,0,0,0,0,0,0,0,0,0,1,0,0,0
bought,0,0,1,0,0,0,0,0,0,0,0,0,0,0,0,0,0,0
bout,0,0,0,0,0,0,1,0,0,0,0,0,0,0,0,0,0,1
boxing,1,0,0,0,0,0,0,0,0,0,0,0,0,0,0,0,0,0
boy,0,0,1,0,0,0,0,2,0,9,0,0,0,2,0,0,0,0
boyish,0,0,0,0,0,0,0,2,0,0,0,0,0,0,0,0,0,0
boys,0,0,0,0,0,0,0,0,0,0,0,0,2,0,0,0,0,0
brag,0,0,0,0,0,0,0,0,0,0,0,0,0,0,0,0,1,0
break,3,0,0,0,0,0,0,0,0,0,0,0,0,0,0,0,0,0
breakable,0,0,3,0,0,0,0,0,0,0,0,0,0,0,0,0,0,0
breathe,0,0,0,0,0,0,0,0,0,0,0,0,0,1,0,0,0,0
breathed,0,0,0,1,0,0,0,0,0,0,0,0,0,0,0,0,0,0
brighten,0,0,0,0,0,0,0,0,0,0,0,0,0,0,1,0,0,0
brighter,0,0,0,1,0,0,0,0,0,0,0,0,0,0,0,0,0,0
brixton,0,0,0,0,0,0,0,0,0,1,0,0,0,0,0,0,0,0
broke,0,0,0,0,0,0,0,0,0,0,0,0,0,0,0,0,0,1
brother's,0,0,0,0,0,0,0,0,0,0,0,0,0,1,0,0,0,0
bruising,0,0,0,0,0,0,0,0,0,0,0,0,1,0,0,0,0,0
burned,3,0,0,0,0,0,0,0,0,0,0,0,0,0,0,0,0,0
burnin,0,0,0,1,0,0,0,0,0,0,0,0,0,0,0,0,0,0
burning,0,0,0,1,0,0,0,0,0,0,0,0,1,0,0,0,0,0
but,4,1,5,3,7,3,5,0,0,3,1,5,2,4,1,5,0,6
butt,0,0,0,1,0,0,0,0,0,0,0,0,0,0,0,0,0,0
buttons,0,0,0,0,0,0,0,0,0,0,0,0,0,0,1,0,0,0
by,0,3,0,1,6,2,0,0,0,0,0,0,0,0,0,0,0,0
cab,0,0,0,0,0,0,0,0,0,1,0,0,0,0,0,0,0,0
call,0,0,0,0,0,0,0,0,2,0,1,0,0,0,0,0,0,0
called,0,1,0,0,0,0,0,0,0,0,0,1,0,0,0,0,0,0
calm,0,0,0,0,0,0,0,0,0,0,0,0,0,0,0,0,0,8
camden,0,0,0,0,0,0,0,0,0,1,0,0,0,0,0,0,0,0
came,0,0,0,0,0,0,1,0,0,0,0,0,0,0,0,0,0,0
cameras,0,0,0,0,0,0,0,0,0,0,0,0,2,0,0,0,0,0
can,0,0,0,6,3,4,0,1,0,2,6,2,0,0,0,1,5,4
can't,0,0,0,0,3,2,0,1,0,0,0,2,0,0,0,0,0,0
car,0,2,2,0,0,0,0,0,0,0,0,0,0,0,0,0,0,0
card,0,1,0,0,0,0,0,0,0,0,0,0,0,0,0,0,0,0
care,0,0,0,0,0,0,0,0,0,0,0,0,1,0,0,0,0,0
carry,0,0,0,0,0,0,0,0,1,0,0,0,0,0,0,0,0,0
casually,0,2,0,0,0,0,0,0,0,0,0,0,0,0,0,0,0,0
cat,0,0,0,0,0,0,0,0,0,0,0,0,0,1,0,0,0,0
catch,0,0,0,0,0,0,0,0,0,0,0,0,2,0,0,0,0,0
caught,0,0,1,0,0,0,0,0,0,0,0,0,0,0,0,0,0,0
cause,0,0,0,0,7,0,0,1,0,0,0,1,6,6,4,3,4,1
chalk,0,0,0,0,0,0,0,0,1,0,0,0,0,0,0,0,0,0
chandelier's,0,0,0,0,3,0,0,0,0,0,0,0,0,0,0,0,0,0
chemistry,1,0,0,0,0,0,0,0,0,0,0,0,0,0,0,0,0,0
chicks,0,0,0,0,0,0,0,0,0,0,0,2,0,0,0,0,0,0
child,0,0,0,0,0,0,0,0,0,3,0,0,0,0,0,0,0,0
christmas,0,0,0,0,0,0,0,0,0,0,1,0,0,0,0,0,0,0
church,0,0,0,0,0,0,0,0,1,0,0,0,0,0,0,0,0,0
cities,0,0,0,1,0,0,0,0,0,0,0,0,0,0,0,0,0,0
city,0,5,0,0,0,1,0,0,0,0,0,0,0,0,0,0,0,0
clear,0,0,0,0,0,0,1,0,0,0,0,0,0,0,0,0,0,0
clearin,0,0,0,1,0,0,0,0,0,0,0,0,0,0,0,0,0,0
cloaks,0,0,0,1,0,0,0,0,0,0,0,0,0,0,0,0,0,0
close,0,0,0,0,0,0,0,0,0,0,3,0,0,0,0,0,0,0
club,0,0,0,0,1,0,0,0,0,0,0,0,0,0,0,0,0,0
coat,0,0,0,0,0,0,0,0,0,0,0,0,0,0,1,0,0,0
cold,0,0,0,0,0,0,0,1,0,0,0,0,0,1,0,0,0,0
color,0,0,0,0,0,0,0,0,0,0,0,0,0,1,0,0,0,0
colors,0,0,0,0,0,0,0,0,0,0,0,1,0,0,0,0,0,0
combat,0,0,0,0,0,0,0,0,0,0,0,0,0,0,0,4,0,0
come,0,0,0,0,0,0,0,0,0,0,0,0,3,0,0,1,0,0
comes,0,0,0,0,2,0,0,0,0,0,0,2,0,0,0,0,0,0
comin,0,0,2,0,0,0,0,0,0,0,0,0,0,0,0,0,6,1
coming,0,0,0,0,0,0,0,0,0,0,0,0,2,0,0,0,0,0
commit,0,0,0,0,0,0,0,0,0,0,0,0,0,0,0,0,1,0
company,0,0,0,0,0,0,0,0,0,0,0,1,0,0,0,0,0,0
comparing,0,0,0,0,0,0,0,0,0,0,0,0,0,0,0,0,0,1
complex,0,0,0,0,0,0,0,0,0,0,0,0,0,0,0,0,1,0
complications,0,0,0,0,0,0,0,0,0,0,0,0,0,2,0,0,0,0
confessions,0,0,0,0,0,1,0,0,0,0,0,0,0,0,0,0,0,0
conquest,0,0,0,0,0,0,0,0,0,0,0,0,0,0,0,0,1,0
control,0,0,0,0,0,0,0,0,0,0,0,0,0,0,0,0,0,1
cool,0,0,3,0,0,0,0,0,0,0,0,2,0,0,0,0,1,0
copout,0,0,0,0,0,0,0,0,0,0,0,0,0,0,0,0,0,1
cornelia,0,16,0,0,0,0,0,0,0,0,0,0,0,0,0,0,0,0
could,0,2,0,0,0,1,0,2,0,0,2,0,0,0,0,11,1,2
couldn't,0,0,0,0,0,0,1,0,0,0,0,0,0,0,0,1,0,0
counted,0,0,0,0,0,0,0,0,0,0,0,0,4,0,0,0,0,0
country,0,0,0,0,1,0,0,0,0,0,0,0,0,0,0,0,0,0
covered,0,0,0,0,0,0,0,0,1,0,0,0,0,0,0,0,0,0
crash,0,0,0,0,0,0,0,0,0,0,1,0,0,0,0,0,0,0
crazier,0,0,0,0,0,0,0,0,0,0,0,0,1,0,0,0,0,0
crazy,0,0,0,0,0,2,0,0,0,0,0,0,0,0,0,0,0,0
creaks,0,1,0,0,0,0,0,0,0,0,0,0,0,0,0,0,0,0
cried,0,0,2,0,0,0,0,0,0,0,0,0,0,0,0,0,0,0
cries,0,0,0,0,0,0,0,0,0,0,0,0,1,0,0,0,0,0
crossed,0,0,0,1,0,0,0,0,0,0,0,0,0,0,0,0,0,0
crowns,0,0,0,0,0,0,0,0,0,0,0,0,0,0,0,0,0,1
cruel,0,0,6,1,0,0,0,0,0,0,0,0,0,0,0,0,0,0
cruelty,0,0,0,0,0,0,0,0,0,0,0,0,0,0,0,1,0,0
crying,1,0,0,0,0,0,0,0,0,0,0,0,0,0,0,0,0,0
curfew,0,0,0,0,0,0,0,0,1,0,0,0,0,0,0,0,0,0
cut,0,0,2,0,1,0,0,0,0,0,0,0,0,0,0,1,0,0
cuts,0,0,0,0,7,0,0,0,0,0,0,0,0,0,0,0,0,0
daggers,0,0,0,1,0,0,0,0,0,0,0,0,0,0,0,0,0,0
damn,0,0,0,0,0,0,0,0,0,0,0,0,0,0,0,0,0,1
damsels,0,0,0,0,0,0,0,0,0,0,0,0,1,0,0,0,0,0
daring,0,0,0,0,0,1,0,0,0,0,0,0,0,0,0,0,0,0
dark,0,0,0,3,0,0,0,1,0,0,0,0,0,0,0,2,0,1
darling,0,0,0,0,0,0,0,0,0,3,1,0,1,7,0,3,0,0
day,0,0,0,0,0,0,0,0,1,0,0,0,0,0,1,0,0,0
daylight,0,0,0,40,0,0,0,0,0,0,0,0,0,0,0,0,0,0
days,0,0,0,0,0,0,1,0,0,0,0,0,2,0,0,0,0,0
dazzling,0,0,0,0,0,0,0,0,0,0,1,0,0,0,0,0,0,0
deal,0,0,0,0,0,0,0,0,0,0,0,0,0,0,1,0,0,0
dear,0,0,0,0,0,0,0,0,0,0,1,0,0,0,0,0,0,0
death,0,0,0,0,6,0,0,0,0,0,0,0,0,0,0,0,0,0
defined,0,0,0,1,0,0,0,0,0,0,0,0,0,0,0,0,0,0
delusion,0,0,0,0,0,0,0,0,0,0,0,0,0,0,1,0,0,0
depressed,0,0,0,0,0,0,0,0,0,0,0,0,1,0,0,0,0,0
deserve,0,0,0,0,0,0,0,0,0,0,0,0,0,0,0,0,1,0
desk,0,1,0,0,0,0,0,0,0,0,0,0,0,0,0,0,0,0
desperate,0,0,0,0,0,0,0,0,0,0,0,0,0,0,1,0,0,0
devil,0,0,1,0,0,0,0,0,0,0,0,0,0,0,0,0,0,0
devils,0,0,2,0,0,0,0,0,0,0,0,0,0,0,0,0,0,0
dice,0,0,2,0,0,0,0,0,0,0,0,0,2,0,0,0,0,0
did,0,0,0,0,0,0,5,0,0,0,0,0,0,0,0,0,0,0
didn't,1,0,0,0,4,0,3,0,0,0,0,0,0,0,1,0,0,0
die,0,0,0,0,0,1,0,0,0,0,0,0,0,0,0,1,0,0
dimples,0,0,0,0,0,0,0,0,0,1,0,0,0,0,0,0,0,0
dirtiest,0,0,0,0,0,0,0,0,0,0,1,0,0,0,0,0,0,0
dirty,0,0,0,0,0,0,0,0,0,0,0,0,0,2,0,0,0,0
do,7,0,0,0,0,2,0,0,0,0,0,0,0,0,1,1,1,0
doctor's,0,0,0,0,0,0,0,0,0,0,0,0,0,0,1,0,0,0
doesn't,0,0,1,0,0,0,0,0,0,2,0,0,0,0,0,0,0,0
doll,0,0,0,0,0,0,0,0,0,0,0,2,0,0,0,0,0,0
dollars,0,0,0,0,0,0,0,0,0,0,0,0,0,0,0,0,2,0
don't,16,2,2,6,2,0,0,0,0,1,0,0,8,0,0,1,0,2
down,3,0,0,1,0,0,3,5,1,0,0,0,0,0,0,0,0,8
drake,0,0,0,0,0,0,1,0,0,0,0,0,0,0,0,0,0,0
draw,0,0,0,1,0,0,0,0,0,0,0,0,0,0,0,0,0,0
drawing,0,0,0,0,0,0,0,2,0,0,0,0,0,0,0,0,0,0
draws,0,0,0,1,0,0,0,0,0,0,0,0,0,0,0,0,0,0
dream,0,0,1,0,0,0,0,0,0,0,0,0,0,0,0,0,0,0
dreams,0,0,0,0,0,0,0,0,0,0,0,0,0,4,0,0,0,0
dreary,0,0,0,0,0,0,0,0,0,0,0,0,0,2,0,0,0,0
dress,0,0,0,0,1,0,0,0,0,0,0,0,1,0,0,0,0,0
drinkin,0,0,0,0,0,0,0,0,0,1,0,0,0,0,0,0,0,0
drinks,0,1,0,0,0,0,0,0,0,0,0,0,0,0,0,0,0,0
drive,0,0,0,0,0,0,0,2,0,0,0,0,0,2,0,0,0,0
drivin,0,0,0,0,0,0,0,0,0,1,0,0,0,0,0,0,0,0
drug,0,0,0,0,1,0,0,0,0,0,0,0,0,0,0,0,0,0
drunk,0,1,2,0,3,0,0,0,0,0,0,0,0,0,0,0,0,0
dying,0,0,1,0,0,0,0,0,0,0,0,0,0,0,0,0,0,0
each,0,0,0,0,0,0,0,0,0,0,0,0,0,0,1,0,0,0
easy,0,0,0,0,0,0,0,0,0,0,0,0,0,0,0,2,0,0
eeheeheeh,0,0,0,0,0,0,0,0,0,0,0,4,0,0,0,0,0,0
else,0,0,0,6,0,0,0,0,0,0,0,0,0,0,0,0,0,1
em,0,0,3,0,0,0,0,0,0,0,1,0,0,0,0,0,0,0
end,0,0,0,0,0,0,0,0,0,1,1,0,0,0,0,0,0,0
ends,0,3,0,0,0,0,0,0,0,0,1,0,0,0,0,0,0,0
enemies,0,0,0,0,0,0,0,0,0,0,0,0,0,0,0,1,0,0
english,0,0,0,0,0,0,0,0,0,1,0,0,0,0,0,0,0,0
enjoy,0,0,0,0,0,0,0,0,0,3,0,0,0,0,0,0,0,0
enough,0,0,0,0,6,0,0,0,0,0,0,1,0,0,0,0,0,0
even,2,1,0,0,3,6,1,0,0,0,0,0,0,1,0,0,0,0
ever,0,3,2,0,0,0,0,0,0,0,5,0,0,0,1,3,0,0
every,0,0,2,1,0,0,0,1,1,0,2,0,0,0,0,0,1,0
everyone,0,0,0,1,0,0,0,0,0,0,1,0,0,0,0,0,1,0
everywhere,0,0,0,0,1,0,0,0,0,0,0,0,0,0,0,0,0,0
except,0,0,0,0,0,0,0,0,0,0,0,0,0,4,0,0,0,0
excruciating,1,0,0,0,0,0,0,0,0,0,0,0,0,0,0,0,0,0
exes,0,0,0,0,0,0,0,0,0,0,0,0,0,1,0,0,0,0
existed,0,0,0,0,0,0,6,0,0,0,0,0,0,0,0,0,0,0
eyes,0,0,2,0,0,0,0,2,0,3,0,0,0,0,0,0,0,0
face,2,0,0,0,0,0,0,0,0,0,0,0,0,0,0,1,0,0
faded,0,0,0,0,0,0,0,0,0,1,0,0,1,0,0,0,0,0
faith,0,0,0,0,0,4,0,0,0,0,0,0,0,0,1,0,0,0
fake,0,0,0,0,0,0,0,0,0,0,0,0,2,0,0,0,0,0
false,0,0,0,0,0,6,0,0,0,0,0,0,0,0,0,0,0,0
fancy,0,0,0,0,0,0,0,0,0,10,0,0,0,0,0,0,0,0
fast,0,0,0,0,0,0,0,0,0,0,0,0,0,0,0,0,5,0
fate,0,0,2,0,0,0,0,0,0,0,0,0,0,0,0,0,0,0
fault,1,0,0,0,0,0,0,0,0,0,0,0,0,0,0,0,0,0
favorite,0,0,0,0,0,1,0,0,0,0,0,0,0,0,0,0,0,0
fearless,0,0,0,0,0,0,0,0,0,0,0,0,0,0,0,0,1,0
fears,0,0,0,0,1,0,0,0,0,0,0,0,0,0,0,0,0,0
feeling,0,0,3,0,0,0,0,0,0,0,0,0,2,0,0,0,0,0
feelings,0,0,0,0,0,0,1,0,0,0,0,0,0,0,0,0,0,0
feels,0,0,0,0,0,0,0,0,1,0,0,0,0,0,0,0,0,0
fever,0,0,1,0,0,0,0,0,0,0,0,0,0,0,0,0,0,0
field,0,0,0,0,0,0,0,0,0,0,0,0,0,0,0,0,1,0
fight,1,0,0,0,0,1,0,0,0,0,0,1,6,0,0,0,0,0
fighting,1,0,0,0,0,0,0,0,0,0,0,0,0,0,0,0,0,0
fights,0,0,0,0,0,0,0,0,0,0,0,0,0,1,0,0,0,0
figured,0,0,0,0,0,0,0,0,0,0,0,0,0,0,0,0,0,1
filling,0,1,0,0,0,0,0,0,0,0,0,0,0,0,0,0,0,0
film,0,0,0,0,0,0,0,0,0,0,0,0,1,0,0,0,0,0
films,0,0,0,0,1,0,0,0,0,0,0,0,0,0,0,0,0,0
find,0,0,0,0,3,0,0,0,0,1,0,5,0,0,1,0,0,0
fine,1,0,2,0,0,0,0,0,0,0,0,0,0,0,0,0,0,0
fire,0,0,0,0,0,0,0,0,0,0,0,0,0,0,0,1,0,0
first,0,0,0,0,0,0,0,0,0,1,0,0,0,2,1,0,0,0
fives,0,0,0,0,0,0,0,0,0,0,0,0,1,0,0,0,0,0
flashbacks,0,0,0,0,2,0,0,0,0,0,0,0,0,0,0,0,0,0
flashin,0,0,0,0,0,0,0,0,0,0,0,0,0,0,0,0,1,0
flaws,0,0,0,0,0,0,0,0,0,0,0,0,0,1,0,0,0,0
flickering,0,0,0,0,3,0,0,0,0,0,0,0,0,0,0,0,0,0
floor,0,1,0,0,0,0,0,0,0,0,0,0,0,0,0,0,0,0
flung,0,1,0,0,0,0,0,0,0,0,0,0,0,0,0,0,0,0
fly,0,0,0,0,0,1,0,0,0,0,0,0,0,0,0,0,0,0
follow,0,0,0,0,0,0,0,2,0,0,0,1,0,0,0,0,0,0
footprints,0,0,0,0,0,0,0,1,0,0,0,0,0,0,0,0,0,0
for,1,0,4,0,2,5,1,0,0,0,1,0,2,1,0,4,1,0
force,0,0,0,0,0,0,0,0,0,0,1,0,0,0,0,0,0,0
forever,0,0,0,0,0,0,0,0,0,0,5,0,0,0,0,0,0,0
forget,0,0,0,0,0,0,1,0,0,0,0,0,0,0,0,0,0,0
forgiveness,0,0,0,0,0,1,0,0,0,0,0,0,0,0,0,0,0,0
forgot,0,0,0,0,0,0,8,0,0,0,0,0,0,0,0,0,0,0
forth,0,0,0,2,0,0,0,0,0,0,0,0,0,0,0,0,0,0
fought,0,0,0,0,0,0,1,0,0,0,0,0,0,0,0,0,0,0
found,0,0,0,0,0,0,0,0,0,0,0,0,0,0,0,0,1,0
four,0,0,0,0,0,0,0,0,0,0,0,0,0,2,0,0,0,0
frames,0,0,0,0,0,0,0,0,0,0,0,0,0,4,0,0,0,0
free,0,0,0,0,0,0,1,0,0,0,0,0,0,0,0,0,0,0
fresh,0,1,0,0,0,0,0,0,0,0,0,0,0,0,0,0,0,0
friend,0,0,0,0,0,0,0,0,7,0,0,0,0,0,0,0,0,0
friends,0,0,0,0,0,0,0,0,0,1,1,0,0,5,0,1,0,1
from,0,0,2,2,1,0,1,0,0,1,0,0,0,4,0,1,1,0
front,0,0,0,0,0,0,1,0,0,0,0,0,0,0,0,0,0,0
fun,0,0,0,0,0,0,0,0,1,0,0,8,0,0,0,0,0,1
games,0,1,0,0,0,0,0,0,1,0,0,0,2,0,0,0,0,0
garden,0,0,2,0,0,0,0,0,0,0,0,0,0,0,0,0,0,0
gate,0,0,2,0,0,0,0,0,0,0,0,0,0,0,0,0,0,0
gave,0,0,0,0,2,0,0,0,1,0,0,0,0,1,0,0,0,0
gay,0,0,0,0,0,0,0,0,0,0,0,0,0,0,0,0,0,1
gentlemen,0,0,0,0,0,0,0,0,0,0,1,0,0,0,0,0,0,0
get,0,3,0,0,3,6,1,1,0,0,0,1,0,0,13,0,4,0
gets,0,0,0,0,0,2,0,0,0,0,0,0,0,0,0,0,0,0
getting,0,0,0,0,0,0,0,0,0,0,0,0,0,0,0,1,1,0
ghost,0,0,0,0,0,0,0,0,0,0,0,0,0,0,0,1,0,0
girl,0,0,0,0,0,0,0,0,0,0,0,3,5,0,0,0,0,0
girls,0,0,0,0,0,0,0,0,0,0,0,0,0,0,0,0,0,1
give,0,0,0,0,0,0,0,0,1,0,0,0,0,0,0,0,0,0
glaad,0,0,0,0,0,0,0,0,0,0,0,0,0,0,0,0,0,2
glass,0,0,0,0,0,0,0,1,0,0,0,0,0,0,0,0,0,0
glory,0,0,0,0,0,0,0,0,0,0,0,0,1,0,0,0,0,0
gloves,1,0,0,0,0,0,0,0,1,0,0,0,0,0,0,0,0,0
glow,0,0,1,0,0,0,0,0,0,0,0,0,0,0,0,0,0,0
go,4,1,0,3,0,1,0,3,0,1,6,1,6,0,1,1,0,0
god,0,0,0,0,0,6,0,0,0,1,0,0,0,0,0,0,0,0
going,0,0,0,0,0,0,1,0,0,0,0,0,0,0,0,0,0,0
golden,0,0,0,4,0,0,0,0,0,0,0,0,0,0,0,0,0,0
gone,0,1,0,0,0,0,3,0,0,0,0,0,0,0,0,0,0,0
gonna,0,0,0,0,0,0,0,2,0,0,0,5,6,2,0,0,0,0
good,0,0,0,1,0,1,0,1,0,1,0,0,0,0,0,0,2,0
goodbye,0,0,0,1,2,0,0,0,0,0,0,0,0,0,0,0,0,0
got,0,0,3,0,0,1,1,9,0,0,0,0,0,0,0,1,0,1
gotta,0,0,0,1,0,0,0,4,0,0,0,0,0,0,0,0,0,0
gown,0,0,0,0,0,0,0,0,0,0,0,0,0,0,0,0,0,2
gowns,0,0,0,0,0,0,0,0,0,0,0,0,0,0,0,0,0,1
gray,0,0,0,0,0,0,0,0,0,1,0,0,0,0,0,0,0,0
great,0,0,0,0,1,0,0,0,0,0,0,0,0,0,0,0,0,0
grew,0,0,0,0,0,0,0,0,0,0,0,0,0,0,0,1,0,0
grinnin,0,0,1,0,0,0,0,0,0,0,0,0,0,0,0,0,0,0
ground,0,0,0,0,0,0,3,0,1,0,0,0,0,0,0,0,0,0
guess,0,0,0,0,1,0,0,0,0,3,0,0,0,0,0,0,0,0
guitar,0,0,0,0,0,0,0,0,0,0,1,0,0,0,0,0,0,0
guy,0,0,0,0,0,0,0,0,0,0,0,1,0,0,0,0,0,0
guys,0,0,0,0,0,0,0,0,0,0,0,2,1,0,0,0,0,0
ha,0,0,0,0,0,0,0,1,0,0,0,0,0,0,0,0,0,0
hackney,0,0,0,0,0,0,0,0,0,2,0,0,0,0,0,0,0,0
had,1,0,0,0,0,0,0,0,0,0,0,1,0,2,0,0,1,0
hair,0,0,0,0,0,0,0,0,0,0,0,0,0,0,1,0,0,0
hallway,0,0,0,0,0,0,0,0,0,0,0,0,4,0,0,0,0,0
hand,0,2,0,0,1,0,0,2,1,0,1,0,0,0,0,0,0,0
handful,0,0,0,0,0,0,0,0,0,0,0,1,0,0,0,0,0,0
hands,1,0,0,0,0,0,0,1,0,0,0,0,0,0,0,0,0,0
hang,0,0,1,0,0,0,0,0,1,0,0,0,0,0,0,0,0,0
happened,0,0,0,0,0,0,1,0,0,1,0,0,0,0,0,0,0,0
hard,0,0,0,0,0,2,1,0,0,0,0,0,0,0,0,0,0,0
has,0,0,0,0,0,0,0,0,0,0,1,0,0,0,0,0,0,0
hate,0,0,0,1,0,0,4,0,0,0,0,0,0,4,1,1,0,1
haunt,0,0,0,1,0,0,0,0,0,0,0,0,0,0,0,0,0,0
haunted,0,0,0,0,1,0,0,0,0,0,0,0,0,0,0,0,0,0
have,2,0,0,0,0,0,0,0,8,2,1,0,0,0,4,0,0,0
haze,0,0,0,0,0,0,0,0,0,0,1,0,0,0,0,0,0,0
he,0,0,1,0,0,0,0,21,0,3,0,0,0,0,0,0,0,0
he'd,0,0,0,0,0,0,0,1,0,0,0,0,0,0,0,0,0,0
he'll,0,0,0,0,0,0,0,1,0,0,0,0,0,0,0,0,0,0
he's,0,0,0,0,0,0,0,1,0,0,0,0,0,0,0,0,0,0
head,3,1,1,1,0,0,0,0,0,0,0,0,1,0,0,0,0,0
headlights,0,0,1,0,0,0,0,0,0,0,0,0,0,0,0,0,0,0
heads,0,0,0,0,0,0,0,0,0,0,0,0,0,0,0,0,1,0
heard,0,0,2,0,0,0,0,0,0,2,0,0,0,0,0,0,0,0
heart,1,0,0,0,1,0,0,0,0,2,1,0,0,0,0,0,0,0
heart's,0,0,0,0,0,0,0,0,0,0,1,0,0,0,0,0,0,0
heartbeat,0,0,0,0,0,0,0,6,0,0,0,0,0,0,0,0,0,0
heartbreak,0,2,0,0,0,0,0,0,0,0,0,0,3,0,0,0,0,0
heath,0,0,0,0,0,0,0,0,0,2,0,0,0,0,0,0,0,0
heaven,0,0,3,0,0,1,0,0,0,0,0,0,0,0,0,0,0,0
heaven's,0,0,0,0,0,1,0,0,0,0,0,0,0,0,0,0,0,0
hell,0,0,0,0,0,1,0,0,0,0,0,0,0,0,0,0,0,0
help,0,0,0,0,0,0,0,0,0,0,0,0,0,0,0,3,0,0
helpless,0,0,0,0,0,0,0,0,0,0,0,0,1,0,0,0,0,0
here,0,0,0,0,3,0,0,0,0,0,0,0,0,1,0,1,0,0
heroes,0,0,0,0,0,0,0,0,0,0,0,0,0,0,0,1,0,0
hey,6,0,0,0,0,0,0,0,0,0,0,0,0,0,0,0,1,1
high,0,0,1,0,0,0,0,0,0,1,0,0,1,1,0,0,0,0
highgate,0,0,0,0,0,0,0,0,0,3,0,0,0,0,0,0,0,0
highly,0,0,0,0,0,0,0,0,0,0,1,0,0,0,0,0,0,0
him,0,0,0,0,0,0,0,4,0,1,0,0,0,0,0,0,0,0
hips,0,0,0,0,1,2,0,0,0,0,0,0,0,0,0,0,0,0
his,0,0,0,0,0,0,0,2,0,4,0,0,0,0,0,0,0,1
hit,0,1,0,0,0,0,1,0,0,0,0,0,0,0,0,0,0,0
hold,0,1,0,0,0,0,0,0,0,0,0,0,0,0,0,3,0,0
holy,0,0,0,0,0,0,0,0,0,0,0,0,0,0,1,0,0,0
home,0,1,2,0,2,0,0,1,3,2,3,0,3,1,0,0,0,0
homecoming,0,0,0,0,0,0,0,0,0,0,0,0,1,0,0,0,0,0
hometown,0,0,0,0,0,0,0,0,0,1,0,0,0,0,0,0,0,0
honey,0,0,0,0,0,1,0,0,0,0,1,0,0,1,0,0,0,0
hope,0,6,0,0,0,0,0,0,0,0,0,0,0,0,0,0,0,0
hopeless,0,0,0,0,0,0,0,0,0,0,0,0,1,0,0,0,0,0
hoping,0,0,0,0,0,0,0,0,0,0,0,0,0,0,1,0,0,0
horses,0,0,0,0,0,0,0,0,0,0,0,0,0,0,0,1,0,0
how,0,3,0,0,0,2,2,0,0,0,0,0,0,0,0,0,1,0
hundred,0,0,0,0,0,0,0,0,0,0,0,0,0,0,0,1,0,0
hung,0,0,0,0,0,0,0,0,0,0,0,0,1,0,0,0,0,0
hurt,3,0,0,0,0,0,0,0,0,0,0,0,0,0,0,0,0,0
hustled,0,0,0,0,0,0,0,0,0,0,0,0,0,0,0,0,1,0
i,41,36,30,54,21,12,19,50,0,35,9,33,29,42,19,28,58,8
i'd,0,12,0,0,0,2,0,0,0,1,0,0,0,4,0,0,23,0
i'll,0,0,0,1,1,0,0,3,0,0,1,0,2,0,3,0,0,0
i'm,6,3,7,4,1,3,0,3,0,2,1,6,5,1,0,3,9,5
i've,0,0,3,5,0,0,0,0,0,0,1,0,0,1,0,7,0,1
icy,0,0,0,0,0,0,0,0,0,0,0,0,0,1,0,0,0,0
ideas,0,0,0,0,0,0,0,0,0,0,0,0,0,0,0,0,1,0
if,0,4,1,0,3,6,1,0,0,0,0,0,0,1,2,2,19,0
in,7,8,10,11,1,3,3,3,3,6,1,5,6,18,3,2,3,3
indifference,0,0,0,0,0,0,4,0,0,0,0,0,0,0,0,0,0,0
indigo,0,0,0,0,0,0,0,2,0,0,0,0,0,0,0,0,0,0
inside,0,1,0,0,0,0,0,0,0,0,0,0,0,0,0,0,0,0
internet,0,0,0,0,0,0,0,0,0,0,0,0,0,1,0,0,0,1
intertwined,0,0,0,1,0,0,0,0,0,0,0,0,0,0,0,0,0,0
into,0,0,0,1,0,0,0,0,0,0,0,0,0,0,0,0,0,0
invisible,0,0,0,0,0,0,0,0,0,0,0,0,0,0,0,1,0,0
is,2,1,0,0,4,3,0,0,0,4,2,5,6,2,0,1,0,1
island,1,0,0,0,0,0,0,0,0,0,0,0,0,0,0,0,0,0
isn't,0,0,0,0,0,0,7,0,0,0,0,0,0,0,1,0,0,0
it,14,3,29,12,22,13,21,3,7,0,0,3,9,3,6,1,4,5
it'll,0,0,0,0,2,0,0,0,0,0,0,0,0,0,0,0,0,0
it's,13,0,20,5,15,6,5,2,7,0,0,0,8,2,1,1,3,2
jacket,0,1,0,0,0,0,0,0,0,0,0,0,0,0,0,0,0,0
jail,1,0,0,0,0,0,0,0,0,0,0,0,0,0,0,0,0,0
january,0,0,0,0,0,0,0,0,0,0,1,0,0,0,0,0,0,0
jeans,0,0,0,0,0,0,0,0,0,1,0,0,0,0,0,0,0,0
jesus,0,0,0,0,0,0,0,0,0,0,0,0,0,0,1,0,0,0
joke,0,0,0,1,0,0,0,0,0,0,0,0,0,0,0,0,0,0
jokes,0,0,0,0,0,0,0,0,0,0,1,0,0,0,0,0,0,0
jump,0,0,0,0,0,1,0,0,0,0,0,1,0,0,0,1,0,0
jumped,0,0,0,0,0,0,0,0,0,0,0,0,0,1,0,0,0,0
just,6,1,6,2,1,5,6,0,0,5,0,1,3,0,1,1,1,12
keep,0,0,4,0,0,0,0,0,0,0,0,1,0,0,1,0,0,0
kill,0,0,1,0,1,0,3,0,0,0,0,0,0,0,0,0,0,0
killing,0,0,1,0,0,0,0,0,0,0,0,0,0,0,0,0,0,1
kinda,0,2,0,0,0,0,0,0,0,0,0,1,0,0,0,0,0,0
king's,0,0,0,0,0,0,0,0,0,0,0,0,0,0,0,2,0,0
kiss,0,0,0,0,0,0,0,0,0,0,0,0,0,4,0,0,0,0
kitchen,0,1,0,0,0,0,0,0,0,0,0,0,0,0,1,0,0,0
knew,0,1,0,0,0,0,0,0,0,0,0,0,0,0,0,0,0,0
knife,0,0,1,0,0,0,0,0,0,0,0,0,0,0,0,0,0,0
knockout,0,0,0,0,0,0,0,0,0,0,0,0,0,0,0,0,0,1
know,0,0,3,0,2,1,0,1,0,8,0,8,7,2,2,0,1,3
known,0,0,0,0,0,0,0,0,0,0,1,0,0,0,0,0,0,0
knows,0,0,0,0,0,0,0,12,0,0,0,0,0,0,0,0,0,0
ladies,0,0,0,0,0,0,0,0,0,0,1,1,0,0,0,0,0,0
lame,0,0,0,0,0,0,0,0,0,0,0,2,0,0,0,0,0,0
land,0,0,0,0,1,0,0,0,0,0,0,0,0,0,0,0,0,0
last,0,0,1,0,0,0,0,0,0,0,0,0,0,0,0,0,0,0
lately,0,0,0,0,0,0,0,0,1,0,0,0,0,0,0,0,0,0
laughed,0,0,0,0,0,0,1,0,0,0,0,0,0,0,0,0,0,0
laughin,0,0,0,0,0,0,0,0,0,1,0,0,0,0,0,0,0,0
lawless,0,0,0,0,1,0,0,0,0,0,0,0,0,0,0,0,0,0
lead,0,0,0,0,0,0,0,1,0,0,0,0,0,0,0,0,0,0
leader,0,0,0,0,0,0,0,0,0,0,0,0,0,0,0,0,1,0
leading,0,2,0,0,0,0,0,0,0,0,0,0,0,0,0,0,0,0
learned,0,0,0,0,0,0,0,0,0,0,0,0,0,0,0,0,0,1
leave,0,0,0,0,0,1,0,0,0,0,1,1,1,0,0,3,0,0
led,0,0,0,0,0,2,0,0,0,0,0,0,0,0,0,0,0,0
left,0,1,0,0,0,0,0,0,0,0,0,0,0,0,0,0,0,0
leo,0,0,0,0,0,0,0,0,0,0,0,0,0,0,0,0,1,0
less,0,0,0,0,0,0,0,0,0,0,0,0,0,0,0,0,0,1
lesson,0,0,0,0,0,0,0,0,0,0,0,0,0,0,0,0,0,1
lessons,0,0,0,0,0,0,1,0,0,0,0,0,0,0,0,0,0,0
let,1,0,0,3,0,0,0,0,0,0,1,1,2,0,0,0,1,0
life,0,0,0,0,0,0,0,0,0,0,0,0,1,2,0,0,0,0
lift,1,0,0,0,0,0,0,0,0,0,0,0,0,0,0,0,0,0
light,1,0,0,1,0,0,0,0,1,0,0,0,0,0,0,0,0,0
lighting,0,0,0,0,0,0,0,0,0,0,0,0,0,0,1,0,0,0
lights,0,1,0,0,2,0,0,0,0,0,1,0,1,0,0,0,0,0
like,2,0,3,5,1,5,0,7,3,5,0,12,4,6,1,1,3,10
likely,0,0,0,0,0,0,0,0,0,0,0,0,3,0,0,0,0,0
likes,0,0,0,0,0,0,0,0,0,3,0,0,0,0,0,0,0,0
lines,0,0,0,1,0,0,0,0,0,0,0,0,0,0,0,0,0,0
lips,0,0,0,0,0,2,1,0,0,0,0,0,0,0,0,0,0,0
listen,0,1,0,0,0,0,0,0,0,0,0,0,0,0,0,0,0,0
lived,1,0,0,1,0,0,1,0,0,0,0,0,0,0,0,0,0,0
lives,0,0,0,0,0,0,0,0,0,1,0,0,0,0,0,0,0,0
livin,0,0,0,0,0,0,0,0,0,0,0,1,0,0,0,0,0,0
living,0,0,0,0,0,0,1,0,0,0,1,0,0,0,0,0,0,0
lock,0,0,0,0,0,0,0,1,0,0,0,0,0,0,0,0,0,0
london,0,0,0,0,0,0,0,0,0,7,0,0,0,0,0,0,0,0
long,0,0,0,3,2,0,0,0,0,0,0,0,1,2,0,0,0,0
look,0,0,0,5,3,0,0,2,0,0,0,0,0,0,0,0,0,0
looked,0,0,0,1,0,0,0,0,0,0,0,0,0,0,0,0,0,0
looks,0,0,1,0,0,0,0,0,1,0,0,0,0,0,0,0,0,0
lose,7,5,0,0,0,0,0,0,0,0,0,0,0,0,0,0,0,0
losing,0,0,0,0,0,0,0,0,0,0,0,0,1,0,0,0,0,0
lost,0,0,0,0,0,2,0,0,1,0,0,0,2,0,0,0,0,0
lotta,0,0,0,0,0,0,0,0,0,0,0,4,0,0,0,0,0,0
loud,0,0,0,0,0,0,0,0,0,0,0,0,0,0,0,0,0,4
louis,0,0,0,0,0,0,0,0,0,2,0,0,0,0,0,0,0,0
love,4,0,2,6,6,8,3,0,0,11,0,4,0,0,0,0,0,0
loved,0,0,0,0,0,0,0,0,0,0,1,0,0,0,0,0,0,0
lover,0,0,0,0,0,0,0,0,0,0,6,2,0,0,0,0,0,0
low,1,0,1,0,0,0,0,0,0,0,0,0,0,0,0,0,0,0
luck,0,0,0,1,0,0,0,0,0,0,0,0,0,0,0,0,0,0
lyrical,0,0,0,0,0,0,0,2,0,0,0,0,0,0,0,0,0,0
machine,0,0,1,0,0,0,0,0,0,0,0,0,0,0,0,0,0,0
mad,0,0,0,0,0,0,0,0,0,0,0,0,0,0,0,0,2,1
made,0,0,0,0,0,0,0,0,0,0,0,0,0,0,0,0,1,1
magical,0,0,0,0,0,0,2,0,0,0,0,0,0,0,0,0,0,0
magnetic,0,0,0,0,0,0,0,0,0,0,1,0,0,0,0,0,0,0
make,0,0,0,0,0,1,0,2,0,0,2,1,0,0,2,0,1,0
makes,0,0,1,0,0,0,0,0,0,0,0,0,0,1,0,0,0,0
makin,0,0,0,0,0,0,0,0,0,0,0,0,0,0,0,0,0,1
man,0,0,0,0,0,0,0,2,0,0,1,0,0,0,0,0,34,0
many,0,0,0,1,0,0,1,0,0,0,0,0,0,0,0,0,0,0
marching,0,0,0,0,0,0,0,0,0,0,0,0,1,0,0,0,0,0
market,0,0,0,0,0,0,0,0,0,1,0,0,0,0,0,0,0,0
marry,0,0,0,0,0,0,0,0,0,0,0,0,0,4,0,0,0,0
mates,0,0,0,0,0,0,0,0,0,3,0,0,0,0,0,0,0,0
maybe,0,0,0,2,0,0,0,0,0,0,0,0,0,0,0,0,0,0
mccartney,0,0,0,0,0,0,0,0,0,2,0,0,0,0,0,0,0,0
me,14,2,3,2,6,4,6,3,5,10,7,19,9,6,1,17,10,1
mean,0,0,0,0,0,0,0,5,0,0,0,0,0,0,0,0,0,0
meant,3,0,0,0,0,0,0,0,0,0,0,0,0,0,0,0,0,0
meee,0,0,0,0,0,0,0,0,0,0,0,7,0,0,0,0,0,0
meet,3,0,0,0,0,0,0,0,0,3,0,0,0,0,0,0,0,0
memorize,0,1,0,0,0,0,0,0,0,0,0,0,0,0,0,0,0,0
men,0,0,0,0,0,0,0,0,0,0,0,0,1,0,0,1,0,0
mend,0,2,0,0,0,0,0,0,0,0,0,0,0,0,0,0,0,0
mess,0,0,0,0,0,0,0,0,0,0,0,0,0,0,0,0,0,1
message,0,0,0,0,0,0,1,0,0,0,0,0,0,0,0,0,0,0
met,0,0,0,0,0,0,0,0,0,3,0,0,0,1,0,0,0,0
middle,0,0,0,1,0,0,0,0,0,0,0,0,0,0,0,0,0,0
might,0,0,0,0,0,4,0,0,0,0,0,0,0,0,0,0,0,0
miles,0,0,0,0,0,0,0,0,0,0,0,0,2,0,0,0,0,0
mind,1,0,0,1,0,0,1,0,0,0,0,0,0,0,0,0,0,0
mine,1,0,0,0,0,0,0,1,0,1,0,0,0,0,0,0,0,0
mirror,0,0,0,0,0,0,0,0,0,0,0,0,0,0,1,0,0,0
miss,0,0,0,0,0,0,0,0,0,0,0,0,3,0,0,0,0,0
missile,0,0,0,0,0,0,0,0,0,0,0,0,0,0,0,0,0,1
models,0,0,0,0,0,0,0,0,0,0,0,0,0,0,0,0,1,0
mondays,0,0,0,0,0,0,0,0,0,0,0,0,0,2,0,0,0,0
month,0,0,0,0,0,0,0,0,0,0,0,0,0,1,0,0,0,0
moon,0,0,0,0,0,0,0,0,0,0,0,0,0,1,0,0,0,0
more,0,0,1,0,0,0,1,0,0,0,0,0,0,0,0,0,1,0
morning,1,0,0,1,2,0,0,0,0,0,0,0,0,0,0,0,0,0
most,0,0,0,0,0,0,0,0,0,0,0,0,3,0,0,0,0,0
motown,0,0,0,0,0,0,0,0,0,1,0,0,0,0,0,0,0,0
mouse,0,0,0,0,0,0,0,0,0,0,0,0,0,1,0,0,0,0
moves,0,0,0,0,0,0,0,0,0,0,0,0,0,0,0,0,1,0
movies,0,0,0,0,0,0,0,0,0,0,0,0,0,0,0,1,0,0
much,2,0,0,0,1,0,0,0,0,1,0,0,0,0,0,0,1,0
muffled,0,0,0,0,0,0,0,0,0,0,0,0,1,0,0,0,0,0
must've,0,0,0,0,0,0,0,0,0,0,0,0,0,0,0,0,0,1
my,5,4,2,3,48,2,5,20,4,5,24,1,10,3,2,5,2,3
myself,0,0,0,0,0,0,0,1,0,0,0,0,0,0,0,0,0,0
mysterious,0,0,0,0,0,0,0,0,0,0,1,0,0,0,0,0,0,0
mystified,0,3,0,0,0,0,0,0,0,0,0,0,0,0,0,0,0,0
name,0,5,0,0,0,0,1,0,0,0,0,1,0,0,0,0,0,0
need,7,0,0,0,0,0,0,0,0,0,0,0,0,0,0,0,0,12
neon,0,0,0,0,0,0,0,0,0,0,0,0,0,0,1,0,0,0
nerve,0,0,0,0,0,0,0,0,1,0,0,0,0,0,0,0,0,0
never,0,21,0,5,0,0,0,1,0,0,0,10,2,0,1,1,0,2
new,0,1,3,2,0,1,0,0,0,0,0,0,0,0,0,0,0,0
nice,0,0,0,0,0,0,3,0,7,0,0,0,0,0,0,0,0,0
nicer,0,0,0,0,0,0,0,0,0,0,0,0,0,0,1,0,0,0
night,0,0,3,4,0,0,2,1,0,0,0,0,0,4,1,1,0,1
nights,0,0,0,0,0,0,0,0,0,1,0,0,0,0,0,0,0,0
no,3,0,3,0,4,0,0,1,1,0,0,3,2,0,1,0,0,1
nobody,0,0,0,0,0,0,1,1,0,0,0,4,4,0,0,0,0,0
nobody's,0,0,0,0,0,0,0,0,0,0,0,4,4,0,0,0,0,0
normal,0,0,0,0,0,0,0,0,0,0,0,0,0,0,1,0,0,0
nose,0,0,0,0,0,0,0,0,0,0,0,0,0,0,0,1,0,0
not,5,0,2,2,10,1,0,0,0,1,0,2,0,0,1,0,1,3
note,0,0,0,0,0,0,0,0,1,0,0,0,0,0,0,0,0,0
nothing,0,0,0,0,0,0,0,0,0,0,0,0,3,0,0,0,0,0
now,1,0,0,14,2,0,0,0,0,1,1,0,2,2,1,0,0,1
nurses,0,0,0,0,0,0,0,0,0,0,0,0,0,0,1,0,0,0
obsessed,0,0,0,0,0,0,0,1,0,0,0,0,0,0,0,0,0,0
obsessin,0,0,0,0,0,0,0,0,0,0,0,0,0,0,0,0,0,1
ocean,0,0,0,0,0,1,0,0,0,0,0,0,0,0,0,0,0,0
of,1,3,7,14,7,0,1,0,0,3,1,20,0,1,3,2,10,0
off,1,0,0,0,0,0,0,0,0,0,0,0,0,0,0,2,0,0
office,0,0,0,0,0,0,0,0,0,0,0,0,0,0,1,0,0,0
oh,2,1,9,0,0,0,0,1,0,6,1,2,1,5,0,0,2,3
ohoh,0,0,0,0,0,0,0,0,0,0,0,1,0,0,0,0,0,30
okay,0,0,0,0,3,0,0,0,0,0,0,0,5,0,0,0,3,1
old,0,0,0,0,0,0,0,0,0,0,0,0,0,0,0,1,0,0
on,2,8,0,0,1,0,2,3,2,5,1,1,0,1,0,4,0,5
once,0,0,0,3,1,0,0,0,0,0,0,0,0,2,0,0,0,0
one,3,0,0,0,2,0,2,1,1,0,0,13,1,20,0,0,0,0
one's,0,0,0,0,1,0,0,0,0,0,0,0,0,0,0,0,0,0
ones,0,0,0,0,0,0,0,1,0,0,0,0,0,0,0,0,0,0
only,0,0,0,10,1,0,0,0,0,0,0,9,1,0,0,0,0,0
ooh,6,0,6,0,0,0,0,0,10,6,0,0,0,0,0,0,0,0
oohah,0,0,0,0,0,0,0,0,0,0,0,0,0,0,12,0,0,0
oohoohoohooh,0,0,0,0,0,0,0,0,0,0,0,8,0,0,0,0,0,0
open,0,1,0,0,0,0,0,0,0,0,0,0,0,0,0,0,0,0
or,0,0,0,1,0,0,0,1,0,0,1,0,0,2,0,0,0,0
orange,0,0,0,0,0,0,0,0,0,0,0,0,0,0,1,0,0,0
others,0,0,0,0,0,0,0,0,0,0,0,2,0,0,0,0,0,0
our,0,0,0,2,4,0,0,0,0,3,3,0,0,0,0,0,0,1
ours,0,0,0,0,1,0,0,0,0,0,0,0,0,0,0,0,0,0
out,1,0,1,2,0,1,1,0,2,0,3,5,0,0,0,1,2,1
outdoor,0,0,0,0,0,0,0,0,0,0,0,0,0,1,0,0,0,0
over,0,0,0,0,1,0,0,0,0,0,0,0,0,0,0,0,0,1
overdramatic,0,0,0,0,0,0,0,0,0,0,1,0,0,0,0,0,0,0
pace,0,0,0,0,0,0,0,0,0,0,0,0,0,0,0,1,0,0
packed,0,1,0,0,0,0,0,0,0,0,0,0,0,0,0,0,0,0
page,0,1,0,0,0,0,0,0,0,0,0,0,0,0,0,0,0,0
pageant,0,0,0,0,0,0,0,0,0,0,0,0,1,0,0,0,0,0
pages,0,0,0,0,1,0,0,0,0,0,0,0,0,0,0,0,0,0
paint,0,0,0,0,0,0,0,0,0,0,0,0,4,0,1,0,1,0
painted,0,0,0,0,0,0,0,0,0,0,0,0,0,1,0,0,0,0
paper,0,0,0,0,1,0,0,0,0,0,0,0,0,8,0,0,0,0
paperthin,0,0,0,0,1,0,0,0,0,0,0,0,0,0,0,0,0,0
parade,0,0,0,0,0,0,0,0,0,0,0,0,0,0,0,0,0,1
part,0,0,0,0,3,0,0,0,0,0,0,0,0,0,0,0,0,0
pass,0,0,0,0,0,0,0,0,1,0,0,0,0,0,0,0,0,0
patch,0,0,0,0,0,1,0,0,0,0,0,0,0,0,0,0,0,0
patr√≥n,0,0,0,0,0,0,0,0,0,0,0,0,0,0,0,0,0,1
peace,0,0,0,0,0,0,0,0,0,0,0,0,0,0,0,0,0,1
peaceful,0,0,0,0,0,0,3,0,0,0,0,0,0,0,0,0,0,0
people,0,0,0,0,0,0,0,0,0,0,0,0,0,0,1,0,0,1
phone,0,0,0,0,0,0,0,0,0,0,0,1,0,0,0,0,0,0
picture,0,0,0,0,0,0,0,0,0,0,0,0,0,4,0,0,0,0
pink,0,0,0,0,0,0,0,0,1,0,0,0,0,0,0,0,0,0
pinned,1,0,0,0,0,0,0,0,0,0,0,0,0,0,0,0,0,0
place,0,2,0,0,0,0,0,0,0,0,2,0,0,0,0,0,0,0
plans,0,0,0,0,1,0,0,2,0,0,0,0,0,0,0,0,0,0
play,0,0,0,0,0,0,0,0,0,0,0,0,2,0,0,0,1,0
played,0,0,0,0,0,0,0,0,0,0,0,0,0,0,0,0,1,0
players,0,0,0,0,0,0,0,0,0,0,0,0,0,0,0,0,1,0
playing,0,1,0,0,0,0,0,0,0,0,0,0,1,0,0,0,0,0
please,0,0,0,0,0,0,0,0,0,2,1,0,0,0,0,0,0,0
pointed,0,1,0,0,0,0,0,0,0,0,0,0,0,0,0,0,0,0
pool,0,0,0,0,0,0,0,0,0,0,0,0,0,1,0,0,0,0
popcorn,0,0,0,0,0,0,1,0,0,0,0,0,0,0,0,0,0,0
power,0,0,0,0,0,0,0,0,0,0,0,0,0,0,0,0,1,0
pray,0,0,0,0,0,0,0,0,0,0,0,0,0,0,2,0,0,0
pretend,0,0,0,0,3,0,0,0,0,0,0,0,0,0,1,0,0,0
prey,0,0,0,0,0,0,0,0,0,0,0,0,0,0,0,3,0,0
price,0,0,1,0,0,0,0,0,0,0,0,0,0,0,0,0,0,0
prince,0,0,0,0,0,0,0,0,0,0,0,0,3,0,0,0,0,0
prizes,0,0,0,0,0,0,0,0,0,0,0,0,2,0,0,0,0,0
prom,0,0,0,0,0,0,0,0,0,0,0,0,1,0,0,0,0,0
promise,0,0,0,0,0,0,0,0,0,0,0,9,0,0,0,0,0,0
proportion,1,0,0,0,0,0,0,0,0,0,0,0,0,0,0,0,0,0
psycho,0,0,0,0,0,0,0,0,0,0,0,1,0,0,0,0,0,0
pub,0,0,0,0,0,0,0,0,0,1,0,0,0,0,0,0,0,0
punished,1,0,0,0,0,0,0,0,0,0,0,0,0,0,0,0,0,0
put,1,0,0,0,0,0,0,0,0,0,0,0,0,0,0,1,1,0
queen,0,0,0,0,0,0,0,0,0,2,0,0,0,0,0,0,0,0
queens,0,0,0,0,0,0,0,0,0,0,0,0,1,0,0,0,0,0
question,0,0,0,0,0,0,0,0,0,0,0,0,0,0,0,0,1,0
questions,0,0,0,0,0,0,0,0,1,0,0,0,0,0,0,0,0,0
quicker,0,0,0,0,0,0,0,0,0,0,0,0,0,0,0,0,4,0
quiet,0,0,1,0,1,0,3,0,0,0,0,0,0,0,0,0,0,0
rain,0,0,0,0,0,0,0,0,0,0,0,1,0,0,0,0,0,0
rainbow,0,0,0,0,0,0,0,0,0,0,0,1,0,0,0,0,0,0
rains,0,1,0,0,0,0,0,0,0,0,0,0,0,0,0,0,0,0
rainy,0,0,0,0,0,0,0,0,0,1,0,0,0,0,0,0,0,0
raking,0,0,0,0,0,0,0,0,0,0,0,0,0,0,0,0,1,0
ran,0,0,0,1,0,0,0,0,0,0,0,1,1,0,0,0,0,0
rather,0,0,0,0,0,0,0,0,0,0,0,0,0,0,0,0,0,1
read,0,0,0,0,0,0,0,0,0,0,0,0,0,1,0,0,0,0
ready,0,0,0,0,0,0,0,0,0,0,0,0,0,0,0,2,0,0
real,0,0,0,0,0,0,0,0,0,0,0,0,0,0,1,0,0,0
really,0,0,0,0,0,0,0,0,0,0,0,0,4,0,0,0,0,0
reason,1,0,0,0,0,0,0,0,0,0,0,0,0,0,0,0,0,0
red,0,0,0,2,0,0,0,0,0,0,0,0,0,0,0,0,0,0
reflection,0,0,0,0,0,0,0,0,0,0,0,0,0,0,0,1,0,0
refused,0,0,0,1,0,0,0,0,0,0,0,0,0,0,0,0,0,0
religion,0,1,0,0,0,2,0,0,0,0,0,0,0,0,0,0,0,0
religion's,0,0,0,0,0,2,0,0,0,0,0,0,0,0,0,0,0,0
remember,0,0,0,0,0,2,0,0,0,0,0,0,0,0,0,0,0,0
rent,0,2,0,0,0,0,1,0,0,0,0,0,0,0,0,0,0,0
rep,0,0,0,0,0,0,1,0,0,0,0,0,0,0,0,0,0,0
restore,0,0,0,0,0,0,0,0,0,0,0,0,0,0,0,0,0,1
rice,0,0,0,0,0,0,0,0,1,0,0,0,0,0,0,0,0,0
ride,0,0,0,0,0,0,0,0,0,1,0,0,0,0,0,1,0,0
right,0,1,4,0,0,0,1,0,0,0,0,0,0,7,0,15,0,0
ring,0,0,0,0,0,0,0,0,1,0,0,0,0,0,0,0,0,0
rings,0,0,0,0,0,0,0,0,1,0,0,0,0,8,0,0,0,0
ripped,0,0,0,0,0,0,0,0,0,0,0,0,1,0,0,0,0,0
road,0,0,0,0,0,2,0,0,0,0,0,0,0,0,0,0,0,0
roll,0,0,4,0,0,0,0,0,0,0,0,0,0,0,0,0,0,0
rolling,0,0,0,0,0,0,0,0,0,0,0,0,2,0,0,0,0,0
roof,0,1,0,0,0,0,0,0,1,0,0,0,0,0,0,0,0,0
room,0,0,0,1,0,0,0,0,0,0,1,0,0,0,0,1,0,0
rose,0,0,0,0,0,0,0,0,0,0,0,0,1,0,0,0,0,0
round,0,1,0,0,0,0,0,0,0,1,0,0,0,0,0,0,0,0
row,0,0,0,0,0,0,1,0,0,0,0,0,0,0,0,0,0,0
rude,0,0,0,0,0,0,0,0,0,0,0,0,0,0,0,0,1,0
rugby,0,0,0,0,0,0,0,0,0,1,0,0,0,0,0,0,0,0
rules,0,0,3,0,0,0,0,0,0,0,1,0,0,0,0,0,0,0
rumors,0,0,0,0,0,0,0,0,0,3,0,0,0,0,0,0,0,0
run,0,0,0,0,0,0,0,0,0,0,0,0,3,0,0,0,0,0
running,0,0,0,0,0,0,0,0,0,0,0,0,1,0,0,0,4,0
sacred,0,1,0,0,0,0,0,0,0,0,0,0,0,0,0,0,0,0
sad,0,0,0,0,0,0,0,0,0,0,0,0,3,0,0,0,0,0
said,0,0,2,0,1,1,0,0,0,0,0,0,0,0,0,1,0,0
sainttropez,0,0,0,0,0,0,0,0,0,0,0,0,0,0,0,0,1,0
same,0,0,0,2,0,0,0,0,0,0,0,0,0,0,0,0,0,0
sat,0,1,0,0,0,0,0,0,0,0,0,0,0,0,0,0,0,0
save,0,0,0,0,0,0,0,0,0,0,2,0,0,0,0,0,0,0
saw,0,0,0,3,0,0,0,0,0,1,0,0,1,0,0,0,0,0
say,7,2,1,0,2,2,0,0,0,2,0,0,0,0,2,1,2,2
saying,0,0,0,0,2,0,0,0,0,0,0,0,0,0,1,0,0,0
scar,0,0,0,0,0,0,0,0,0,0,1,0,0,0,0,0,0,0
scare,0,0,0,0,0,1,0,0,0,0,0,0,0,0,0,0,0,0
scared,0,0,0,0,0,0,0,0,0,0,0,0,1,0,1,0,0,0
scene,0,0,0,0,0,0,0,0,0,0,0,0,1,0,0,0,0,0
school,0,0,0,0,0,0,1,0,1,1,0,0,2,0,0,0,0,0
scooter,0,0,0,0,0,0,0,0,0,1,0,0,0,0,0,0,0,0
scoreboard,0,0,0,0,0,0,0,0,0,0,0,0,1,0,0,0,0,0
scream,0,0,2,0,0,0,0,0,0,0,0,0,0,0,0,0,0,1
screaming,0,0,0,0,0,0,0,0,0,0,0,0,0,0,0,1,0,0
screams,0,5,0,0,0,0,0,0,0,0,0,0,0,0,0,0,0,0
screw,0,0,1,0,0,0,0,0,0,0,0,0,0,0,0,0,0,0
seal,0,0,2,0,0,0,0,0,0,0,0,0,0,0,0,0,0,0
search,0,0,0,0,0,0,0,0,0,0,0,0,0,0,0,1,0,0
searching,0,0,0,0,1,0,0,0,0,0,0,0,0,0,0,0,0,0
seat,0,0,0,0,0,0,0,0,0,0,1,0,0,0,0,0,0,0
seats,0,0,0,0,0,0,0,0,0,0,0,0,0,0,0,0,0,1
seconds,0,0,0,0,0,0,0,0,0,0,1,0,0,0,0,0,0,0
secrets,0,0,2,0,0,0,0,0,0,0,0,0,0,0,0,0,0,0
see,1,0,0,17,1,0,0,3,0,0,0,2,5,0,1,12,0,1
seems,0,0,0,0,0,0,0,0,0,0,0,0,1,0,0,0,0,0
sees,0,0,0,0,0,0,0,0,0,0,1,0,0,0,0,0,0,0
selfexpression,0,0,0,0,0,0,0,0,0,0,0,0,0,0,0,0,0,1
sent,0,0,0,0,0,0,1,0,0,0,0,0,0,0,0,0,0,0
separated,0,0,0,0,0,0,0,0,0,0,0,0,0,0,0,0,1,0
separating,0,0,0,0,0,1,0,0,0,0,0,0,0,0,0,0,0,0
settle,0,0,0,1,0,0,0,0,0,0,0,0,0,0,0,0,0,0
several,0,0,0,0,0,0,0,0,0,0,0,0,0,0,0,0,0,1
shade,0,0,0,0,0,0,1,0,0,0,0,0,0,0,0,0,0,1
shake,0,0,0,0,0,0,0,0,0,0,0,0,0,0,0,0,1,0
shape,0,0,3,0,0,0,0,0,0,0,0,0,0,0,0,0,0,0
share,0,0,0,0,1,0,0,0,0,0,0,0,0,0,0,0,0,0
sharks,0,1,0,0,0,0,0,0,0,0,0,0,0,0,0,0,0,0
she's,0,0,0,0,0,0,0,0,0,0,0,0,5,0,0,0,0,0
shiny,0,0,1,0,0,0,0,0,0,0,0,0,0,4,0,0,0,0
shoreditch,0,0,0,0,0,0,0,0,0,1,0,0,0,0,0,0,0,0
shots,0,0,0,0,0,0,0,0,0,0,0,0,0,0,0,0,0,1
should,0,0,0,0,0,0,0,0,0,0,0,0,7,0,0,0,0,0
shoulder,0,0,0,0,0,0,0,0,0,0,0,0,0,1,0,0,0,0
shoulders,0,1,0,0,0,0,0,0,0,0,0,0,0,0,0,0,0,0
show,0,0,0,0,0,0,1,0,0,3,0,0,0,0,0,0,0,0
showed,0,1,0,0,0,0,1,0,0,0,0,0,0,0,0,0,0,0
sick,0,0,0,0,0,0,0,0,0,0,0,0,0,0,0,0,8,0
side,0,0,0,0,0,0,0,0,0,0,0,0,0,0,0,2,0,0
sidewalk,0,0,0,0,0,0,0,1,1,0,0,0,0,0,0,0,0,0
sign,0,0,0,0,0,0,0,0,0,0,0,0,0,0,0,0,0,1
signs,0,0,0,0,1,0,0,0,0,0,0,0,0,0,0,0,0,0
silence,1,0,0,0,0,0,0,0,0,0,0,0,0,0,0,0,0,0
single,0,0,0,1,0,0,0,0,0,0,0,0,0,0,0,0,0,0
sinks,0,0,0,0,0,0,0,0,1,0,0,0,0,0,0,0,0,0
sirens,1,0,0,0,0,0,0,0,0,0,0,0,0,0,0,0,0,0
sixteen,0,0,0,0,0,0,0,0,0,0,0,0,1,0,0,0,0,0
skipping,0,0,0,0,0,0,0,4,0,0,0,0,0,0,0,0,0,0
sky,0,0,0,0,0,0,0,0,1,1,0,0,0,0,1,0,0,0
sleepin,0,0,0,3,0,0,0,0,0,0,0,0,0,0,0,0,0,0
sleeping,0,0,0,0,0,0,0,0,1,0,0,0,0,0,0,0,0,0
slow,0,0,1,0,0,0,0,0,0,0,0,0,0,0,0,0,0,0
small,0,0,0,0,1,0,0,0,0,0,0,0,0,0,0,0,0,0
smile,0,0,0,0,0,0,0,2,0,3,0,0,1,0,0,0,0,0
smoke,0,0,0,1,0,0,0,0,0,0,0,0,0,0,0,1,0,0
snakes,0,0,0,0,0,0,0,0,0,0,0,0,0,0,0,0,0,1
sneakin,0,0,0,1,0,0,0,0,0,0,0,0,0,0,0,0,0,0
snow,0,0,0,0,0,0,0,0,2,0,0,0,0,0,0,0,0,0
snuck,0,0,2,0,0,0,0,0,0,0,0,0,0,0,0,0,0,0
so,3,3,1,5,0,1,9,2,0,5,0,0,3,2,1,1,9,2
socal,0,0,0,0,0,0,0,0,0,1,0,0,0,0,0,0,0,0
soho,0,0,0,0,0,0,0,0,0,1,0,0,0,0,0,0,0,0
some,0,0,0,0,0,0,2,0,0,0,0,0,0,0,0,0,0,0
somebody,0,0,0,0,0,0,0,0,0,0,0,0,0,0,0,0,0,3
someday,0,0,0,0,0,0,0,0,0,0,0,0,2,0,0,0,0,0
someone,0,0,0,0,0,0,0,0,0,0,0,0,0,0,0,0,1,0
somethin,0,0,0,0,0,0,0,0,0,1,0,0,0,0,0,0,0,0
something,1,1,0,0,0,0,1,0,1,0,0,0,0,0,0,0,0,0
songs,0,0,0,0,1,0,0,0,0,0,0,0,0,0,0,0,0,0
soon,0,0,0,0,0,0,2,0,0,0,0,0,0,0,11,0,0,0
sorry,3,0,0,0,0,0,0,0,0,0,0,0,0,0,0,0,0,0
soul,0,0,0,0,0,0,0,6,0,0,0,0,0,0,0,0,0,0
sounds,0,0,0,0,0,0,0,0,1,0,0,0,0,0,0,0,0,0
sparks,0,0,0,0,0,0,0,2,0,0,0,0,0,0,0,0,0,0
speeches,0,0,0,0,0,0,0,0,0,0,0,0,0,0,0,1,0,0
spell,0,0,0,0,0,0,0,0,0,0,0,2,0,0,0,0,0,0
spend,0,0,0,0,0,0,1,0,0,0,0,0,0,0,0,0,0,0
spirit,0,0,0,0,1,0,0,0,0,0,0,0,0,0,0,0,0,0
spite,0,0,0,0,0,0,0,0,0,0,0,0,0,0,0,1,0,0
springsteen,0,0,0,0,0,0,0,0,0,1,0,0,0,0,0,0,0,0
stalk,0,0,0,0,0,0,0,0,0,0,0,0,0,1,0,0,0,0
stand,0,0,0,0,1,0,0,0,0,0,1,0,0,0,0,0,0,0
standing,0,0,0,0,0,0,0,0,0,0,0,0,0,1,0,0,0,0
staring,0,0,0,0,0,1,0,0,0,0,0,0,0,0,0,0,0,0
started,0,0,0,0,0,0,1,0,0,0,0,0,0,0,0,1,0,0
stay,0,0,0,0,0,0,0,1,1,0,0,0,0,0,0,8,0,0
stella,0,0,0,0,0,0,0,0,0,2,0,0,0,0,0,0,0,0
step,0,0,0,1,0,0,0,0,0,0,0,0,0,0,0,0,0,3
stick,0,0,0,0,0,0,0,1,0,2,0,0,0,0,0,0,0,0
still,1,0,0,4,4,12,0,0,0,0,0,0,0,0,0,0,0,0
stings,0,0,0,0,1,0,0,0,0,0,0,0,0,0,0,0,0,0
stones,0,0,0,0,0,0,0,0,0,0,0,0,0,0,0,0,0,1
stop,0,0,0,0,0,0,0,1,0,0,0,0,0,0,0,0,0,4
stories,0,0,0,0,0,0,0,0,0,1,0,0,1,0,0,0,0,0
storm,0,0,0,0,0,0,0,0,0,0,0,0,1,0,0,0,0,0
stormed,0,0,0,1,0,0,0,0,0,0,0,0,0,0,0,0,0,0
story's,0,0,0,0,1,0,0,0,0,0,0,0,0,0,0,0,0,0
street,0,18,0,0,0,0,0,0,0,2,0,0,0,1,0,0,0,2
stressed,0,0,0,0,0,0,0,0,1,0,0,0,0,0,0,0,0,0
stressin,0,0,0,0,0,0,0,0,0,0,0,0,0,0,0,0,0,1
strike,0,0,0,0,0,0,0,0,0,0,0,2,0,0,0,0,0,0
string,0,0,0,0,0,0,0,0,0,0,1,0,0,0,0,0,0,0
stronger,0,1,0,0,0,0,0,0,0,0,0,0,0,0,0,0,0,0
stuck,0,0,0,0,0,0,1,0,0,0,0,0,0,0,0,0,0,0
stupid,0,0,0,0,0,1,0,0,0,0,0,0,4,0,0,0,0,0
summer,0,0,9,0,0,0,0,0,0,0,0,1,0,0,0,0,0,0
summer's,0,0,1,0,0,0,0,0,0,0,0,0,0,0,0,0,0,0
summers,0,0,0,0,0,0,0,0,0,0,1,0,0,0,0,0,0,0
sun,0,0,0,0,0,0,0,0,1,0,0,0,0,0,0,0,0,0
sunshine,0,0,0,0,0,0,1,0,0,0,0,0,0,0,0,0,0,1
supposed,0,0,0,0,0,0,0,0,0,0,0,0,0,0,2,0,0,0
suspicious,0,0,0,0,0,0,0,0,0,0,1,0,0,0,0,0,0,0
swear,0,0,0,0,0,0,0,0,0,0,1,0,0,0,0,0,0,0
table,0,0,0,0,0,0,0,0,0,0,1,0,0,0,0,0,0,0
take,0,0,0,0,3,0,0,0,0,0,7,0,0,0,0,0,0,1
taken,0,0,0,0,0,0,0,0,0,0,0,0,0,0,0,0,0,1
takes,0,0,0,0,0,0,0,0,0,0,0,0,0,1,0,0,0,0
takin,0,0,0,0,0,0,0,0,0,0,0,0,0,0,0,0,0,1
talk,0,0,0,0,0,2,0,0,0,0,0,0,0,0,1,0,0,0
tall,0,0,0,0,0,0,0,0,0,0,0,0,0,1,0,0,0,0
tangled,0,0,0,0,0,0,0,0,0,0,0,0,0,0,1,0,0,0
taught,0,0,0,0,0,0,1,0,0,0,0,0,0,0,0,0,0,0
tea,0,0,0,0,0,0,0,0,0,1,0,0,0,0,0,0,0,0
team,0,0,0,0,0,0,0,0,0,0,0,3,1,0,0,0,0,0
tell,4,0,3,1,0,0,0,4,1,0,0,0,0,0,1,0,0,0
tells,1,0,0,0,0,0,0,0,0,0,0,0,0,0,0,0,0,0
tend,0,0,0,0,0,0,0,0,0,0,0,1,0,0,0,0,0,0
tennessee,0,0,0,0,0,0,0,0,0,3,0,0,0,0,0,0,0,0
tents,0,0,0,0,0,0,0,0,1,0,0,0,0,0,0,0,0,0
terrified,0,3,0,0,0,0,0,0,0,0,0,0,0,0,0,0,0,0
than,0,1,0,0,0,0,1,0,0,0,0,0,1,0,0,0,0,0
that,7,4,10,10,2,1,11,11,0,1,2,20,6,10,2,1,4,6
that's,0,2,3,0,0,0,0,0,0,1,0,8,4,7,0,0,0,2
the,7,17,26,21,13,8,4,6,5,15,4,26,20,26,7,12,18,8
their,0,0,2,0,0,0,0,0,0,0,0,0,0,0,0,0,1,0
them,0,0,0,0,3,0,0,0,0,0,0,0,0,0,0,0,4,0
then,0,1,0,0,0,0,2,0,0,1,0,0,1,0,0,1,6,1
there,1,0,0,1,0,1,1,1,0,0,1,14,7,0,3,0,4,1
there's,1,0,0,0,0,0,0,0,0,0,1,4,3,0,2,0,0,0
these,0,0,1,0,0,0,0,0,0,0,0,2,0,0,0,0,0,0
they,0,0,0,0,2,4,1,0,0,2,0,0,4,0,0,7,5,0
they'd,0,0,0,0,0,0,0,0,0,0,0,0,0,0,0,0,3,0
thigh,0,0,0,0,0,0,0,2,0,0,0,0,0,0,0,0,0,0
thing,0,0,2,0,1,1,0,0,0,0,0,0,0,0,0,0,0,0
things,1,0,0,6,0,0,0,0,0,0,0,2,0,4,0,0,0,0
think,0,0,0,4,0,2,0,12,0,0,0,1,3,0,0,0,0,0
thinking,0,0,0,0,0,0,1,0,0,0,0,0,0,0,0,0,0,0
this,8,3,0,1,4,13,0,0,0,0,6,0,6,4,2,0,1,0
thorns,0,0,0,0,0,0,0,0,0,0,0,0,1,0,0,0,0,0
though,0,0,0,0,3,0,0,0,0,0,0,0,0,0,0,0,0,0
thought,1,1,0,3,0,0,3,0,0,0,0,0,3,0,0,0,0,0
thousand,0,0,0,0,7,0,0,0,0,0,0,0,0,0,0,0,0,0
threaten,0,0,0,0,0,0,0,0,0,1,0,0,0,0,0,0,0,0
three,0,0,0,0,0,0,0,0,0,0,1,2,0,5,0,0,0,0
threw,0,0,0,1,0,0,0,0,0,0,0,0,0,0,0,0,0,0
through,0,0,2,0,3,0,0,0,0,0,0,0,1,0,0,12,0,0
throwing,0,0,0,0,0,0,1,0,0,0,0,0,0,0,0,0,0,0
thrownout,0,0,0,0,0,0,0,0,0,0,0,0,0,0,0,1,0,0
til,2,0,0,0,0,0,1,0,0,0,1,0,0,0,0,0,0,0
time,0,2,0,0,2,0,0,0,0,1,0,0,1,0,1,0,0,0
times,0,0,1,0,0,2,0,0,0,0,0,0,0,2,0,0,0,0
to,15,1,8,1,1,7,1,2,8,5,4,3,12,8,13,5,7,14
toast,0,0,0,0,0,0,0,0,0,0,0,0,0,0,0,0,1,0
together,0,0,0,0,0,0,0,0,0,0,0,0,0,0,0,1,0,0
tonguetied,0,0,0,0,0,0,1,0,0,0,0,0,0,0,0,0,0,0
too,0,0,0,0,1,0,0,0,1,0,0,0,0,3,1,0,0,4
took,0,0,0,0,0,0,0,0,0,3,0,0,0,0,0,0,0,0
touch,0,0,0,0,4,1,0,0,1,0,0,0,0,0,0,0,0,0
town,0,0,0,1,1,1,1,0,0,0,0,0,3,0,0,0,0,0
toy,0,0,1,0,0,0,0,0,0,0,0,0,0,0,0,0,0,0
traffic,0,0,0,0,2,0,0,0,0,0,0,0,0,0,0,0,0,0
train,0,0,0,0,0,0,0,0,0,0,0,0,0,0,0,1,0,0
tried,0,0,0,0,0,0,0,0,0,0,0,0,0,1,0,0,0,0
tripped,0,0,0,0,0,0,1,0,0,0,0,0,0,0,0,0,0,0
trouble's,0,0,0,0,0,0,0,0,0,0,0,1,0,0,0,0,0,0
true,1,0,2,0,0,0,0,0,0,3,1,0,0,0,0,0,0,0
trust,0,0,0,0,2,0,0,0,0,0,0,0,0,0,0,0,0,0
trusted,0,0,0,1,0,0,0,0,0,0,0,0,0,0,0,0,0,0
truth,0,0,0,1,0,0,0,0,1,0,0,0,0,0,0,0,0,0
try,0,0,0,0,0,1,0,0,0,0,0,0,0,0,1,0,0,1
trying,0,0,2,0,0,0,0,0,0,0,0,0,0,0,0,0,0,0
tryna,0,0,0,0,3,0,0,0,0,0,0,0,0,0,0,0,0,1
tunnel,0,1,0,0,0,0,0,0,0,0,0,0,0,0,0,0,0,0
turned,0,1,0,0,0,0,0,0,0,0,0,0,0,0,0,0,0,0
tweet,0,0,0,0,0,0,0,0,0,0,0,0,0,0,0,0,0,1
twenty,0,0,0,0,0,0,0,0,1,0,2,0,0,0,0,0,0,0
twentyyear,0,0,0,3,0,0,0,0,0,0,0,0,0,0,0,0,0,0
twice,0,0,0,0,0,0,0,0,0,0,0,0,0,2,0,0,0,0
two,0,0,0,0,0,0,0,0,0,0,0,2,0,5,0,0,0,0
type,0,0,0,0,0,0,0,0,0,0,0,0,0,0,0,0,1,0
uh,0,0,0,0,0,0,0,0,0,1,0,1,0,2,0,0,0,0
uhhuh,0,0,0,0,0,0,0,0,0,0,0,0,0,7,0,0,0,0
ultraviolet,1,0,0,0,0,0,0,0,0,0,0,0,0,0,0,0,0,0
under,0,0,0,0,0,0,0,3,0,0,0,0,0,0,0,0,0,0
understand,0,0,0,0,0,0,0,2,0,0,0,0,0,0,0,0,0,0
understands,0,0,0,0,0,0,0,2,0,0,0,0,0,0,0,0,0,0
unforgiven,0,0,0,1,0,0,0,0,0,0,0,0,0,0,0,0,0,0
uni,0,0,0,0,0,0,0,0,0,1,0,0,0,0,0,0,0,0
united,0,0,0,0,1,0,0,0,0,0,0,0,0,0,0,0,0,0
unlucky,0,0,0,1,0,0,0,0,0,0,0,0,0,0,0,0,0,0
up,2,0,2,0,7,1,1,2,1,2,2,2,1,1,1,1,0,0
urges,0,0,0,0,0,0,0,0,0,0,0,0,0,0,0,0,0,1
us,4,1,0,0,0,3,0,0,0,0,0,0,0,0,0,0,0,0
v,0,0,0,0,0,0,0,0,0,2,0,0,0,0,0,0,0,0
vending,0,0,1,0,0,0,0,0,0,0,0,0,0,0,0,0,0,0
video,0,0,0,0,0,0,0,0,1,0,0,0,0,0,0,0,0,0
village,0,0,0,0,0,1,0,0,0,0,0,0,0,0,0,0,0,0
voted,0,0,0,0,0,0,0,0,0,0,0,0,3,0,0,0,0,0
wait,0,0,0,0,0,0,0,1,0,0,0,0,0,0,0,0,0,0
waited,0,0,0,0,0,0,0,0,0,0,0,0,0,2,0,0,0,0
waiting,0,0,3,0,0,0,0,0,0,0,0,0,0,0,0,0,0,0
wake,0,0,0,0,0,0,0,0,0,0,0,0,0,1,0,1,0,0
waking,0,0,0,0,2,0,0,0,0,0,0,0,0,0,0,0,0,0
walk,1,16,0,0,0,0,0,0,1,0,0,1,0,0,0,0,0,0
walkin,0,0,0,0,0,0,0,0,0,2,0,0,0,0,0,0,0,0
wall,0,0,0,0,0,0,0,0,0,0,0,0,0,1,0,0,0,0
wanna,13,2,2,7,0,0,0,4,1,8,0,1,4,0,0,0,0,0
want,1,0,5,0,0,0,0,15,0,0,1,2,4,22,0,1,0,0
wants,0,0,0,0,0,0,0,0,0,0,1,0,0,0,0,0,0,0
warned,0,0,0,0,0,2,0,0,0,0,0,0,0,0,0,0,0,0
was,0,1,0,1,4,0,4,0,0,0,0,0,1,0,3,0,14,0
wasn't,0,0,2,0,3,0,0,0,0,0,0,0,0,0,0,0,0,0
watch,0,0,0,0,0,0,0,0,0,0,0,0,0,1,0,0,0,0
watchin,0,0,0,0,0,0,0,0,0,1,0,0,0,0,0,0,0,0
waving,0,0,0,0,0,0,0,0,0,0,0,0,1,0,0,0,0,0
way,0,0,0,0,2,0,0,0,0,0,1,0,0,0,0,0,0,0
we,1,6,3,0,5,16,0,5,1,2,7,1,8,7,1,0,0,5
we'd,0,0,0,0,0,8,0,0,0,0,0,0,0,0,0,0,0,0
we'll,1,0,1,0,0,0,0,0,0,0,0,0,0,0,0,0,0,0
we're,0,0,1,0,0,1,0,0,0,0,0,0,5,0,0,0,0,0
wearing,0,0,0,0,0,0,0,0,0,0,0,0,0,0,0,0,1,0
weekend,0,0,0,0,0,0,0,0,1,0,0,0,0,0,0,0,0,0
well,0,0,0,0,0,0,0,0,0,0,2,1,0,0,0,0,0,0
went,1,0,0,0,0,0,0,0,0,0,0,1,0,6,0,0,0,0
were,0,5,0,0,0,2,2,0,0,0,0,0,0,1,2,0,0,0
west,0,0,0,0,0,1,0,0,0,1,0,0,0,0,0,0,0,0
what,5,0,4,1,1,0,1,3,0,0,0,1,0,0,1,2,3,0
what's,0,0,0,0,0,0,0,3,0,0,0,0,0,0,0,0,2,0
whatever,0,0,2,0,0,0,0,0,0,0,0,0,0,0,0,0,0,0
when,2,1,0,0,3,6,0,1,0,3,0,3,0,5,1,0,1,1
where,0,0,0,0,0,0,0,3,0,3,3,1,1,0,0,0,0,0
which,0,0,0,0,0,0,0,0,0,0,0,0,0,1,0,0,0,0
whiskey,0,0,0,0,0,0,0,0,0,1,0,0,0,0,0,0,0,0
whisper,0,0,0,0,0,0,0,1,0,0,0,0,4,0,0,0,0,0
white,0,0,0,1,0,0,0,0,0,0,0,0,0,0,0,0,0,0
who,3,0,0,0,0,0,1,0,0,0,1,0,1,0,1,9,0,1
whole,0,0,0,0,0,0,1,0,1,0,0,0,6,2,0,0,0,0
why,2,0,0,0,1,0,0,0,0,0,0,0,0,0,0,0,0,1
why'd,2,0,0,0,0,0,0,0,0,0,0,0,0,0,0,0,0,0
wicked,0,0,0,1,0,0,0,0,0,0,0,0,0,0,0,0,0,0
wide,0,0,0,2,0,0,0,0,0,0,0,0,0,0,0,0,0,0
will,0,0,0,2,0,0,0,0,0,0,1,1,1,0,0,0,0,0
win,0,0,0,0,0,0,0,0,0,0,0,0,8,0,0,0,0,0
window,0,0,1,0,0,1,0,0,0,0,0,0,0,0,0,0,0,0
windows,0,1,0,0,3,0,0,0,0,0,0,0,0,0,0,0,0,0
wine,0,0,0,0,1,1,0,0,0,0,0,0,0,1,0,0,0,0
wins,0,0,0,0,0,0,0,0,0,0,0,0,0,0,0,1,0,0
winter,0,0,0,0,0,0,0,0,0,0,0,1,0,1,0,0,0,0
wise,0,0,0,0,0,0,0,0,0,0,0,0,1,0,0,0,0,0
with,6,0,4,1,1,5,0,1,0,12,2,1,4,7,0,0,0,1
without,0,0,0,0,0,0,0,0,0,0,0,2,0,1,0,0,0,0
woah,0,0,0,0,0,0,0,0,0,1,0,0,0,0,0,0,0,0
woahahah,0,0,0,0,0,0,0,0,0,1,0,0,0,0,0,0,0,0
woahoh,0,0,6,0,0,0,0,0,0,0,0,0,0,0,0,0,0,0
wolves,0,0,0,1,0,0,0,0,0,0,0,0,0,0,0,0,0,0
won't,0,0,0,0,0,0,0,1,0,0,0,0,0,0,2,0,0,0
wonderin,0,0,0,0,0,0,0,0,0,0,0,0,0,0,0,0,4,0
work,0,0,0,0,0,1,0,0,0,0,0,0,0,0,0,0,1,0
world,0,0,0,0,0,0,0,0,0,0,0,0,4,0,0,0,0,0
worse,0,0,0,1,0,0,0,0,0,0,0,0,0,0,0,0,0,0
worship,0,0,0,0,0,10,0,0,0,0,0,0,0,0,0,0,0,0
worst,0,0,2,0,0,0,0,0,0,0,0,0,0,0,0,0,0,0
worth,1,0,2,0,0,0,0,0,0,0,0,0,0,0,0,0,0,0
would,0,0,0,3,0,0,6,0,0,0,0,0,0,0,0,0,5,1
would've,0,0,0,0,0,0,3,0,0,0,0,0,0,0,0,0,0,0
wouldn't,0,0,0,0,0,0,0,0,0,0,0,0,0,1,0,0,1,0
wounded,0,0,0,1,0,0,0,0,0,0,0,0,0,0,0,0,0,0
wrap,0,0,0,0,0,0,0,0,0,0,0,0,0,2,0,0,0,0
writing,0,0,0,0,1,0,0,0,0,0,0,0,0,0,0,0,0,0
wrong,0,0,0,0,0,0,3,0,0,0,0,0,0,0,0,0,0,0
ya,0,0,0,0,0,0,2,0,0,0,0,1,0,0,0,0,1,0
yard,0,0,0,0,0,0,1,0,0,0,0,0,0,0,0,0,0,0
yeah,0,1,12,0,0,0,3,1,3,3,0,3,0,0,0,0,1,0
years,0,1,0,0,0,0,0,0,0,0,1,0,0,0,1,2,0,0
york,0,0,0,2,0,1,0,0,0,0,0,0,0,0,0,0,0,0
you,18,13,19,12,10,17,12,14,5,28,17,33,35,30,22,7,4,33
you'll,0,0,1,0,0,0,0,0,0,0,1,5,0,0,12,0,0,0
you're,2,0,4,0,3,4,0,0,0,0,5,5,0,14,0,0,2,6
you've,0,0,0,0,0,0,0,0,1,0,0,0,0,0,0,0,0,0
your,5,6,4,1,1,3,2,0,0,2,1,1,0,10,0,1,0,2
yours,0,1,0,0,0,0,0,0,0,0,1,0,0,0,0,0,0,0
