Rank,Name,Industry,Sector,Headquarters,Revenue,% Change,Profit,Asset,Market Value,Employees
1,Walmart,General Merchandisers,Retailing,"Bentonville, AR",$611.29,7%,$11.68,$243.20,$397.48,2100000
2,Amazon,Internet Services and Retailing,Retailing,"Seattle, WA",$513.98,9%,$2.72,$462.68,$1058.44,1541000
3,Exxon Mobil,Petroleum Refining,Energy,"Irving, TX",$413.68,45%,$55.74,$369.07,$446.42,62000
4,Apple,"Computers, Office Equipment",Technology,"Cupertino, CA",$394.33,8%,$99.80,$352.76,$2609.04,164000
5,UnitedHealth Group,Health Care: Insurance and Managed Care,Health Care,"Minnetonka, MN",$324.16,13%,$20.12,$245.70,$440.85,400000
6,CVS Health,Health Care: Pharmacy and Other Services,Health Care,"Woonsocket, RI",$322.47,10%,$4.15,$228.28,$95.42,259500
7,Berkshire Hathaway,Insurance: Property and Casualty (Stock),Financials,"Omaha, NE",$302.09,9%,$22.82,$948.45,$675.66,383000
8,Alphabet,Internet Services and Retailing,Technology,"Mountain View, CA",$282.84,10%,$59.97,$365.26,$1330.20,190234
9,McKesson,Wholesalers: Health Care,Health Care,"Irving, TX",$263.97,11%,$1.11,$63.30,$48.76,66500
10,Chevron,Petroleum Refining,Energy,"San Ramon, CA",$246.25,52%,$35.47,$257.71,$311.09,43846
11,AmerisourceBergen,Wholesalers: Health Care,Health Care,"Conshohocken, PA",$238.59,11%,$1.70,$56.56,$32.38,41500
12,Costco Wholesale,General Merchandisers,Retailing,"Issaquah, WA",$226.95,16%,$5.84,$64.17,$220.35,304000
13,Microsoft,Computer Software,Technology,"Redmond, WA",$198.27,18%,$72.74,$364.84,$2146.05,221000
14,Cardinal Health,Wholesalers: Health Care,Health Care,"Dublin, OH",$181.36,12%,$0.93,$43.88,$19.45,46035
15,Cigna,Health Care: Pharmacy and Other Services,Health Care,"Bloomfield, CT",$180.52,4%,$6.67,$143.93,$75.90,70231
16,Marathon Petroleum,Petroleum Refining,Energy,"Findlay, OH",$180.01,28%,$14.52,$89.90,$59.54,17800
17,Phillips 66,Petroleum Refining,Energy,"Houston, TX",$175.70,53%,$11.02,$76.44,$46.73,13000
18,Valero Energy,Petroleum Refining,Energy,"San Antonio, TX",$171.19,58%,$11.53,$60.98,$51.35,9743
19,Ford Motor,Motor Vehicles & Parts,Motor Vehicles & Parts,"Dearborn, MI",$158.06,16%,$1.98,$255.88,$50.40,173000
20,Home Depot,Specialty Retailers: Other,Retailing,"Atlanta, GA",$157.40,4%,$17.10,$76.44,$299.53,471600
21,General Motors,Motor Vehicles & Parts,Motor Vehicles & Parts,"Detroit, MI",$156.74,23%,$9.93,$264.04,$51.16,167000
22,Elevance Health,Health Care: Insurance and Managed Care,Health Care,"Indianapolis, IN",$156.60,13%,$6.02,$102.77,$109.10,102300
23,JPMorgan Chase,Commercial Banks,Financials,"New York, NY",$154.79,22%,$37.68,$3665.74,$383.55,293723
24,Kroger,Food & Drug Stores,Food & Drug Stores,"Cincinnati, OH",$148.26,8%,$2.24,$49.62,$35.42,430000
25,Centene,Health Care: Insurance and Managed Care,Health Care,"St. Louis, MO",$144.55,15%,$1.20,$76.87,$34.81,74300
26,Verizon Communications,Telecommunications,Telecommunications,"New York, NY",$136.84,2%,$21.26,$379.68,$163.33,117100
27,Walgreens Boots Alliance,Food & Drug Stores,Food & Drug Stores,"Deerfield, IL",$132.70,-11%,$4.34,$90.12,$29.84,262500
28,Fannie Mae,Diversified Financials,Financials,"Washington, DC",$121.60,20%,$12.92,$4305.29,$0.48,8000
29,Comcast,Telecommunications,Telecommunications,"Philadelphia, PA",$121.43,4%,$5.37,$257.27,$159.83,186000
30,AT&T,Telecommunications,Telecommunications,"Dallas, TX",$120.74,-28%,$8.52,$402.85,$137.25,160700
31,Meta Platforms,Internet Services and Retailing,Technology,"Menlo Park, CA",$116.61,-1%,$23.20,$185.73,$549.48,86482
32,Bank of America,Commercial Banks,Financials,"Charlotte, NC",$115.05,23%,$27.53,$3051.38,$228.78,216823
33,Target,General Merchandisers,Retailing,"Minneapolis, MN",$109.12,3%,$2.78,$53.34,$76.25,440000
34,Dell Technologies,"Computers, Office Equipment",Technology,"Round Rock, TX",$102.30,-4%,$2.44,$89.61,$29.40,133000
35,Archer Daniels Midland,Food Production,"Food, Beverages & Tobacco","Chicago, IL",$101.56,19%,$4.34,$59.77,$43.53,41181
36,Citigroup,Commercial Banks,Financials,"New York, NY",$101.08,27%,$14.84,$2416.68,$91.27,238104
37,UPS,"Mail, Package, and Freight Delivery",Transportation,"Atlanta, GA",$100.34,3%,$11.55,$71.12,$166.19,404700
38,Pfizer,Pharmaceuticals,Health Care,"New York, NY",$100.33,23%,$31.37,$197.20,$230.29,83000
39,Lowe's,Specialty Retailers: Other,Retailing,"Mooresville, NC",$97.06,1%,$6.44,$43.71,$119.25,244500
40,Johnson & Johnson,Pharmaceuticals,Health Care,"New Brunswick, NJ",$94.94,1%,$17.94,$187.38,$483.58,152700
41,FedEx,"Mail, Package, and Freight Delivery",Transportation,"Memphis, TN",$93.51,11%,$3.83,$85.99,$57.43,464400
42,Humana,Health Care: Insurance and Managed Care,Health Care,"Louisville, KY",$92.87,12%,$2.81,$43.06,$60.72,67100
43,Energy Transfer,Pipelines,Energy,"Dallas, TX",$89.88,33%,$4.76,$105.64,$38.59,12565
44,State Farm Insurance,Insurance: Property and Casualty (Mutual),Financials,"Bloomington, IL",$89.33,9%,$6.65,$318.24,,60519
45,Freddie Mac,Diversified Financials,Financials,"McLean, VA",$86.72,32%,$9.33,$3208.33,$0.27,7819
46,PepsiCo,Food Consumer Products,"Food, Beverages & Tobacco","Purchase, NY",$86.39,9%,$8.91,$92.19,$251.08,315000
47,Wells Fargo,Commercial Banks,Financials,"San Francisco, CA",$82.86,1%,$13.18,$1881.02,$141.19,238000
48,Walt Disney,Entertainment,Media,"Burbank, CA",$82.72,23%,$3.14,$203.63,$182.92,195800
49,ConocoPhillips,"Mining, Crude-Oil Production",Energy,"Houston, TX",$82.16,70%,$18.68,$93.83,$120.78,9500
50,Tesla,Motor Vehicles & Parts,Motor Vehicles & Parts,"Austin, TX",$81.46,51%,$12.56,$82.34,$656.42,127855
51,Procter & Gamble,Household and Personal Products,Household Products,"Cincinnati, OH",$80.19,5%,$14.74,$117.21,$350.78,106000
52,General Electric,Industrial Machinery,Industrials,"Boston, MA",$76.56,3%,$0.22,$187.79,$104.23,172000
53,Albertsons,Food & Drug Stores,Food & Drug Stores,"Boise, ID",$71.89,3%,$1.62,$28.12,$11.13,195750
54,MetLife,"Insurance: Life, Health (Stock)",Financials,"New York, NY",$69.90,-2%,$2.54,$666.61,$44.87,45000
55,Goldman Sachs Group,Commercial Banks,Financials,"New York, NY",$68.71,6%,$11.26,$1441.80,$113.96,48500
56,Sysco,Wholesalers: Food and Grocery,Wholesalers,"Houston, TX",$68.64,34%,$1.36,$22.09,$39.20,70510
57,Raytheon Technologies,Aerospace & Defense,Aerospace & Defense,"Arlington, VA",$67.07,4%,$5.20,$158.86,$143.29,182000
58,Boeing,Aerospace & Defense,Aerospace & Defense,"Arlington, VA",$66.61,7%,$4.93,$137.10,$127.28,156000
59,StoneX Group,Diversified Financials,Financials,"New York, NY",$66.04,55%,$0.21,$19.86,$2.14,3615
60,Lockheed Martin,Aerospace & Defense,Aerospace & Defense,"Bethesda, MD",$65.98,-2%,$5.73,$52.88,$120.32,116000
61,Morgan Stanley,Commercial Banks,Financials,"New York, NY",$65.94,8%,$11.03,$1180.23,$147.67,82427
62,Intel,Semiconductors and Other Electronic Components,Technology,"Santa Clara, CA",$63.05,-20%,$8.01,$182.10,$136.27,131900
63,HP,"Computers, Office Equipment",Technology,"Palo Alto, CA",$62.98,-1%,$3.20,$38.59,$28.92,58000
64,TD Synnex,Wholesalers: Electronics and Office Equipment,Wholesalers,"Fremont, CA",$62.34,97%,$0.65,$29.73,$9.06,28500
65,IBM,Information Technology Services,Technology,"Armonk, NY",$60.53,-16%,$1.64,$127.24,$118.91,303100
66,HCA Healthcare,Health Care: Medical Facilities,Health Care,"Nashville, TN",$60.23,3%,$5.64,$52.44,$73.11,250500
67,Prudential Financial,"Insurance: Life, Health (Stock)",Financials,"Newark, NJ",$60.05,-15%,$1.44,$689.92,$30.36,39583
68,Caterpillar,Construction and Farm Machinery,Industrials,"Irving, TX",$59.43,17%,$6.70,$81.94,$118.16,109100
69,Merck,Pharmaceuticals,Health Care,"Rahway, NJ",$59.28,16%,$14.52,$109.16,$270.08,68000
70,World Fuel Services,Energy,Energy,"Miami, FL",$59.04,88%,$0.11,$8.16,$1.58,5214
71,New York Life Insurance,"Insurance: Life, Health (Mutual)",Financials,"New York, NY",$58.44,14%,$1.13,$392.13,,15050
72,Enterprise Products Partners,Pipelines,Energy,"Houston, TX",$58.19,43%,$5.49,$68.11,$56.22,7300
73,AbbVie,Pharmaceuticals,Health Care,"North Chicago, IL",$58.05,3%,$11.84,$138.80,$281.15,50000
74,Plains GP Holdings,Pipelines,Energy,"Houston, TX",$57.34,36%,$0.17,$29.21,$2.55,4100
75,Dow,Chemicals,Chemicals,"Midland, MI",$56.90,4%,$4.58,$60.60,$38.81,37800
76,AIG,Insurance: Property and Casualty (Stock),Financials,"New York, NY",$56.44,8%,$10.28,$526.63,$36.95,26200
77,American Express,Diversified Financials,Financials,"New York, NY",$55.62,27%,$7.51,$228.35,$122.73,77300
78,Publix Super Markets,Food & Drug Stores,Food & Drug Stores,"Lakeland, FL",$54.94,14%,$2.92,$31.05,,242000
79,Charter Communications,Telecommunications,Telecommunications,"Stamford, CT",$54.02,5%,$5.06,$144.52,$60.48,101700
80,Tyson Foods,Food Production,"Food, Beverages & Tobacco","Springdale, AR",$53.28,13%,$3.24,$36.82,$21.10,142000
81,Deere,Construction and Farm Machinery,Industrials,"Moline, IL",$52.58,19%,$7.13,$90.03,$122.35,82239
82,Cisco Systems,Network and Other Communications Equipment,Technology,"San Jose, CA",$51.56,3%,$11.81,$94.00,$214.11,83300
83,Nationwide,Insurance: Property and Casualty (Mutual),Financials,"Columbus, OH",$51.45,9%,$0.99,$264.51,,24791
84,Allstate,Insurance: Property and Casualty (Stock),Financials,"Northbrook, IL",$51.41,-3%,$1.31,$97.96,$29.18,54250
85,Delta Air Lines,Airlines,Transportation,"Atlanta, GA",$50.58,69%,$1.32,$72.29,$22.39,95000
86,Liberty Mutual Insurance Group,Insurance: Property and Casualty (Stock),Financials,"Boston, MA",$49.96,4%,$0.41,$160.32,,50000
87,TJX,Specialty Retailers: Apparel,Retailing,"Framingham, MA",$49.94,3%,$3.50,$28.35,$90.32,329000
88,Progressive,Insurance: Property and Casualty (Stock),Financials,"Mayfield Village, OH",$49.61,4%,$0.72,$75.46,$83.74,55063
89,American Airlines Group,Airlines,Transportation,"Fort Worth, TX",$48.97,64%,$0.13,$64.72,$9.63,129700
90,CHS,Food Production,"Food, Beverages & Tobacco","Inver Grove Heights, MN",$47.79,24%,$1.68,$18.82,,10014
91,Performance Food Group,Wholesalers: Food and Grocery,Wholesalers,"Richmond, VA",$47.19,55%,$0.11,$12.38,$9.42,34825
92,PBF Energy,Petroleum Refining,Energy,"Parsippany, NJ",$46.83,72%,$2.88,$13.55,$5.59,3616
93,Nike,Apparel,Apparel,"Beaverton, OR",$46.71,5%,$6.05,$40.32,$190.16,79100
94,Best Buy,Specialty Retailers: Other,Retailing,"Richfield, MN",$46.30,-11%,$1.42,$15.80,$17.07,71100
95,Bristol-Myers Squibb,Pharmaceuticals,Health Care,"New York, NY",$46.16,0%,$6.33,$96.82,$145.78,34300
96,United Airlines Holdings,Airlines,Transportation,"Chicago, IL",$44.96,82%,$0.74,$67.36,$14.47,92795
97,Thermo Fisher Scientific,"Scientific, Photographic and Control Equipment",Technology,"Waltham, MA",$44.92,15%,$6.95,$97.15,$222.15,130000
98,Qualcomm,Semiconductors and Other Electronic Components,Technology,"San Diego, CA",$44.20,32%,$12.94,$49.01,$142.25,51000
99,Abbott Laboratories,Medical Products and Equipment,Health Care,"Abbott Park, IL",$43.65,1%,$6.93,$74.44,$175.98,115000
100,Coca-Cola,Beverages,"Food, Beverages & Tobacco","Atlanta, GA",$43.00,11%,$9.54,$92.76,$268.36,82500
101,Oracle,Computer Software,Technology,"Austin, TX",$42.44,5%,$6.72,$109.30,$250.87,143000
102,Nucor,Metals,Materials,"Charlotte, NC",$41.51,14%,$7.61,$32.48,$38.92,31400
103,TIAA,"Insurance: Life, Health (Mutual)",Financials,"New York, NY",$40.91,1%,$0.49,$634.46,,16070
104,Massachusetts Mutual Life Insurance,"Insurance: Life, Health (Mutual)",Financials,"Springfield, MA",$40.28,12%,$1.48,$381.34,,10662
105,General Dynamics,Aerospace & Defense,Aerospace & Defense,"Reston, VA",$39.41,2%,$3.39,$51.58,$62.69,106500
106,Capital One Financial,Commercial Banks,Financials,"McLean, VA",$38.37,20%,$7.36,$455.25,$36.78,55943
107,HF Sinclair,Petroleum Refining,Energy,"Dallas, TX",$38.20,108%,$2.92,$18.13,$9.49,5223
108,Dollar General,Specialty Retailers: Other,Retailing,"Goodlettsville, TN",$37.84,11%,$2.42,$29.08,$46.11,170000
109,Arrow Electronics,Wholesalers: Electronics and Office Equipment,Wholesalers,"Centennial, CO",$37.12,8%,$1.43,$21.76,$7.28,22300
110,Occidental Petroleum,"Mining, Crude-Oil Production",Energy,"Houston, TX",$37.10,39%,$13.30,$72.61,$56.07,11973
111,Northwestern Mutual,"Insurance: Life, Health (Mutual)",Financials,"Milwaukee, WI",$36.92,0%,$0.91,$340.39,,8323
112,Travelers,Insurance: Property and Casualty (Stock),Financials,"New York, NY",$36.88,6%,$2.84,$115.72,$39.78,32175
113,Northrop Grumman,Aerospace & Defense,Aerospace & Defense,"Falls Church, VA",$36.60,3%,$4.90,$43.76,$70.20,95000
114,USAA,Insurance: Property and Casualty (Stock),Financials,"San Antonio, TX",$36.30,-3%,$1.30,$204.00,,36820
115,Honeywell International,"Electronics, Electrical Equipment",Industrials,"Charlotte, NC",$35.47,3%,$4.97,$62.28,$127.70,97000
116,3M,Chemicals,Chemicals,"St. Paul, MN",$34.23,-3%,$5.78,$46.46,$57.96,92000
117,US Foods Holding,Wholesalers: Food and Grocery,Wholesalers,"Rosemont, IL",$34.06,15%,$0.26,$12.77,$8.57,29000
118,Warner Bros. Discovery,Entertainment,Media,"New York, NY",$33.82,177%,$7.37,$134.00,$36.78,37500
119,Lennar,Homebuilders,Engineering & Construction,"Miami, FL",$33.67,24%,$4.61,$37.98,$29.73,12012
120,D.R. Horton,Homebuilders,Engineering & Construction,"Arlington, TX",$33.48,21%,$5.86,$30.35,$33.55,13237
121,Jabil,Semiconductors and Other Electronic Components,Technology,"St. Petersburg, FL",$33.48,14%,$1.00,$19.72,$11.75,250000
122,Cheniere Energy,Pipelines,Energy,"Houston, TX",$33.43,111%,$1.43,$41.27,$38.41,1551
123,Broadcom,Semiconductors and Other Electronic Components,Technology,"San Jose, CA",$33.20,21%,$11.50,$73.25,$267.47,20000
124,CarMax,"Automotive Retailing, Services",Retailing,"Richmond, VA",$33.20,65%,$1.15,$26.34,$10.16,32647
125,Starbucks,Food Services,"Hotels, Restaurants & Leisure","Seattle, WA",$32.25,11%,$3.28,$27.98,$119.68,402000
126,Molina Healthcare,Health Care: Insurance and Managed Care,Health Care,"Long Beach, CA",$31.97,15%,$0.79,$12.31,$15.59,15000
127,Uber Technologies,Internet Services and Retailing,Technology,"San Francisco, CA",$31.88,83%,$9.14,$32.11,$63.84,32800
128,Philip Morris International,Tobacco,"Food, Beverages & Tobacco","Stamford, CT",$31.76,1%,$9.05,$61.68,$150.95,79800
129,Netflix,Entertainment,Media,"Los Gatos, CA",$31.62,6%,$4.49,$48.60,$153.86,12800
130,NRG Energy,Energy,Energy,"Houston, TX",$31.54,17%,$1.22,$29.15,$7.96,6603
131,Mondelez International,Food Consumer Products,"Food, Beverages & Tobacco","Chicago, IL",$31.50,10%,$2.72,$71.16,$95.05,91000
132,Danaher,Medical Products and Equipment,Health Care,"Washington, DC",$31.47,7%,$7.21,$84.35,$183.76,80000
133,Salesforce,Computer Software,Technology,"San Francisco, CA",$31.35,18%,$0.21,$98.85,$199.78,79390
134,Paramount Global,Entertainment,Media,"New York, NY",$31.33,6%,$1.10,$58.39,$14.66,27400
135,CBRE Group,Real Estate,Financials,"Dallas, TX",$30.83,11%,$1.41,$20.51,$22.56,115000
136,Micron Technology,Semiconductors and Other Electronic Components,Technology,"Boise, ID",$30.76,11%,$8.69,$66.28,$66.04,48000
137,Visa,Financial Data Services,Business Services,"San Francisco, CA",$29.31,22%,$14.96,$85.50,$475.31,26500
138,Southern,Utilities: Gas and Electric,Energy,"Atlanta, GA",$29.28,27%,$3.52,$134.89,$75.95,27562
139,United Natural Foods,Wholesalers: Food and Grocery,Wholesalers,"Providence, RI",$28.93,7%,$0.25,$7.63,$1.56,30300
140,Paccar,Motor Vehicles & Parts,Motor Vehicles & Parts,"Bellevue, WA",$28.82,23%,$3.01,$33.28,$38.25,31100
141,Duke Energy,Utilities: Gas and Electric,Energy,"Charlotte, NC",$28.78,17%,$2.55,$178.09,$74.34,27859
142,Eli Lilly,Pharmaceuticals,Health Care,"Indianapolis, IN",$28.54,1%,$6.24,$49.49,$326.35,39000
143,Hewlett Packard Enterprise,"Computers, Office Equipment",Technology,"Spring, TX",$28.50,3%,$0.87,$57.12,$20.64,60200
144,Dollar Tree,Specialty Retailers: Other,Retailing,"Chesapeake, VA",$28.33,8%,$1.62,$23.02,$31.76,136287
145,Lithia Motors,"Automotive Retailing, Services",Retailing,"Medford, OR",$28.19,23%,$1.25,$15.01,$6.34,21875
146,Cummins,Industrial Machinery,Industrials,"Columbus, IN",$28.07,17%,$2.15,$30.30,$33.81,73600
147,Penske Automotive Group,"Automotive Retailing, Services",Retailing,"Bloomfield Hills, MI",$27.82,9%,$1.38,$14.12,$9.80,26816
148,PayPal Holdings,Financial Data Services,Business Services,"San Jose, CA",$27.52,8%,$2.42,$78.72,$85.92,29900
149,U.S. Bancorp,Commercial Banks,Financials,"Minneapolis, MN",$27.40,16%,$5.82,$674.80,$55.22,76646
150,Gilead Sciences,Pharmaceuticals,Health Care,"Foster City, CA",$27.28,0%,$4.59,$63.17,$103.61,17000
151,AutoNation,"Automotive Retailing, Services",Retailing,"Fort Lauderdale, FL",$26.98,4%,$1.38,$10.06,$6.30,23600
152,Nvidia,Semiconductors and Other Electronic Components,Technology,"Santa Clara, CA",$26.97,0%,$4.37,$41.18,$686.09,26196
153,Kraft Heinz,Food Consumer Products,"Food, Beverages & Tobacco","Chicago, IL",$26.48,2%,$2.36,$90.51,$47.45,37000
154,Amgen,Pharmaceuticals,Health Care,"Thousand Oaks, CA",$26.32,1%,$6.55,$65.12,$129.09,25200
155,Applied Materials,Semiconductors and Other Electronic Components,Technology,"Santa Clara, CA",$25.78,12%,$6.52,$26.73,$103.81,33000
156,EOG Resources,"Mining, Crude-Oil Production",Energy,"Houston, TX",$25.70,38%,$7.76,$41.37,$67.37,2850
157,Truist Financial,Commercial Banks,Financials,"Charlotte, NC",$25.36,10%,$6.26,$555.26,$45.29,53987
158,Macy's,General Merchandisers,Retailing,"New York, NY",$25.30,0%,$1.18,$16.87,$4.75,94570
159,Union Pacific,Railroads,Transportation,"Omaha, NE",$24.88,14%,$7.00,$65.45,$123.15,33179
160,C.H. Robinson Worldwide,Transportation and Logistics,Transportation,"Eden Prairie, MN",$24.70,7%,$0.94,$5.96,$11.42,17399
161,Rite Aid,Food & Drug Stores,Food & Drug Stores,"Philadelphia, PA",$24.57,2%,$0.54,$8.53,$0.13,53000
162,Constellation Energy,Energy,Energy,"Baltimore, MD",$24.44,(No previous year),$0.16,$46.91,$25.71,13370
163,Avnet,Wholesalers: Electronics and Office Equipment,Wholesalers,"Phoenix, AZ",$24.31,24%,$0.69,$10.39,$4.13,15300
164,Pioneer Natural Resources,"Mining, Crude-Oil Production",Energy,"Irving, TX",$24.29,66%,$7.84,$35.74,$48.00,2076
165,Southwest Airlines,Airlines,Transportation,"Dallas, TX",$23.81,51%,$0.54,$35.37,$19.34,66656
166,CDW,Information Technology Services,Technology,"Lincolnshire, IL",$23.75,14%,$1.12,$13.13,$26.34,15100
167,Advanced Micro Devices,Semiconductors and Other Electronic Components,Technology,"Santa Clara, CA",$23.60,44%,$1.32,$67.58,$157.74,25000
168,PNC Financial Services Group,Commercial Banks,Financials,"Pittsburgh, PA",$23.54,20%,$6.04,$557.26,$50.80,60720
169,McDonald's,Food Services,"Hotels, Restaurants & Leisure","Chicago, IL",$23.18,0%,$6.18,$50.44,$204.53,150000
170,Cleveland-Cliffs,Metals,Materials,"Cleveland, OH",$22.99,12%,$1.34,$18.76,$9.44,27000
171,Freeport-McMoRan,"Mining, Crude-Oil Production",Energy,"Phoenix, AZ",$22.78,0%,$3.47,$51.09,$58.53,25600
172,Builders FirstSource,"Building Materials, Glass",Materials,"Dallas, TX",$22.73,14%,$2.75,$10.60,$12.25,29000
173,Oneok,Pipelines,Energy,"Tulsa, OK",$22.39,35%,$1.72,$24.38,$28.42,2966
174,Hartford Financial Services Group,Insurance: Property and Casualty (Stock),Financials,"Hartford, CT",$22.36,0%,$1.82,$73.02,$21.82,18800
175,Charles Schwab,Securities,Financials,"Westlake, TX",$22.31,17%,$7.18,$551.77,$95.26,35300
176,Steel Dynamics,Metals,Materials,"Fort Wayne, IN",$22.26,21%,$3.86,$14.16,$19.29,12060
177,Mastercard,Financial Data Services,Business Services,"Purchase, NY",$22.24,18%,$9.93,$38.72,$346.42,29900
178,Sherwin-Williams,Chemicals,Chemicals,"Cleveland, OH",$22.15,11%,$2.02,$22.59,$58.09,64366
179,Genuine Parts,Wholesalers: Diversified,Wholesalers,"Atlanta, GA",$22.10,17%,$1.18,$16.50,$23.56,58000
180,PG&E,Utilities: Gas and Electric,Energy,"Oakland, CA",$21.68,5%,$1.80,$118.64,$32.15,26010
181,WESCO International,Wholesalers: Diversified,Wholesalers,"Pittsburgh, PA",$21.42,18%,$0.86,$14.81,$7.90,20000
182,Murphy USA,Specialty Retailers: Other,Retailing,"El Dorado, AR",$21.27,39%,$0.67,$4.12,$5.62,10550
183,WestRock,"Packaging, Containers",Materials,"Atlanta, GA",$21.26,13%,$0.94,$28.41,$7.76,50500
184,International Paper,"Packaging, Containers",Materials,"Memphis, TN",$21.16,-3%,$1.50,$23.94,$12.60,39000
185,Baker Hughes,"Oil and Gas Equipment, Services",Energy,"Houston, TX",$21.16,3%,$0.60,$34.18,$29.39,55000
186,United States Steel,Metals,Materials,"Pittsburgh, PA",$21.06,4%,$2.52,$19.46,$5.93,22740
187,NextEra Energy,Utilities: Gas and Electric,Energy,"Juno Beach, FL",$20.96,23%,$4.15,$158.94,$153.20,15300
188,Targa Resources,Pipelines,Energy,"Houston, TX",$20.93,23%,$1.20,$19.56,$16.51,2850
189,Lear,Motor Vehicles & Parts,Motor Vehicles & Parts,"Southfield, MI",$20.89,8%,$0.33,$13.76,$8.25,168700
190,Jones Lang LaSalle,Real Estate,Financials,"Chicago, IL",$20.86,8%,$0.66,$15.59,$6.93,103300
191,Goodyear Tire & Rubber,Motor Vehicles & Parts,Motor Vehicles & Parts,"Akron, OH",$20.80,19%,$0.20,$22.43,$3.12,74000
192,Marriott International,"Hotels, Casinos, Resorts","Hotels, Restaurants & Leisure","Bethesda, MD",$20.77,50%,$2.36,$24.82,$51.29,140000
193,Marsh & McLennan,Diversified Financials,Financials,"New York, NY",$20.72,5%,$3.05,$33.45,$82.37,85000
194,Altria Group,Tobacco,"Food, Beverages & Tobacco","Richmond, VA",$20.69,-2%,$5.76,$36.95,$79.67,6300
195,Coupang,Internet Services and Retailing,Retailing,"Seattle, WA",$20.58,(No previous year),$0.09,$9.51,$28.39,63000
196,Carrier Global,Industrial Machinery,Industrials,"Palm Beach Gardens, FL",$20.42,-1%,$3.53,$26.09,$38.20,52000
197,Halliburton,"Oil and Gas Equipment, Services",Energy,"Houston, TX",$20.30,33%,$1.57,$23.26,$28.60,45000
198,Delek US Holdings,Petroleum Refining,Energy,"Brentwood, TN",$20.25,90%,$0.26,$8.19,$1.54,3746
199,Kimberly-Clark,Household and Personal Products,Household Products,"Irving, TX",$20.18,4%,$1.93,$17.97,$45.29,44000
200,Texas Instruments,Semiconductors and Other Electronic Components,Technology,"Dallas, TX",$20.03,9%,$8.75,$27.21,$168.78,33000
201,Bank of New York Mellon,Commercial Banks,Financials,"New York, NY",$19.99,24%,$2.57,$405.78,$36.74,51700
202,ManpowerGroup,Temporary Help,Business Services,"Milwaukee, WI",$19.83,-4%,$0.37,$9.13,$4.19,30900
203,Whirlpool,"Electronics, Electrical Equipment",Industrials,"Benton Harbor, MI",$19.72,-10%,$1.52,$17.12,$7.20,61000
204,Waste Management,Waste Management,Business Services,"Houston, TX",$19.70,10%,$2.24,$31.37,$66.37,49500
205,American Electric Power,Utilities: Gas and Electric,Energy,"Columbus, OH",$19.64,17%,$2.31,$93.47,$46.81,16974
206,Emerson Electric,Industrial Machinery,Industrials,"St. Louis, MO",$19.63,8%,$3.23,$35.67,$49.79,85500
207,Aflac,"Insurance: Life, Health (Stock)",Financials,"Columbus, GA",$19.50,-12%,$4.20,$131.02,$39.47,12882
208,Cognizant Technology Solutions,Information Technology Services,Technology,"Teaneck, NJ",$19.43,5%,$2.29,$17.85,$31.03,355300
209,Becton Dickinson,Medical Products and Equipment,Health Care,"Franklin Lakes, NJ",$19.41,-4%,$1.78,$52.93,$70.28,77000
210,BJ's Wholesale Club,General Merchandisers,Retailing,"Marlborough, MA",$19.32,16%,$0.51,$6.35,$10.19,34000
211,Moderna,Pharmaceuticals,Health Care,"Cambridge, MA",$19.26,4%,$8.36,$25.86,$59.23,3900
212,DTE Energy,Utilities: Gas and Electric,Energy,"Detroit, MI",$19.23,25%,$1.08,$42.68,$22.58,10250
213,Land O'Lakes,Food Consumer Products,"Food, Beverages & Tobacco","Arden Hills, MN",$19.23,21%,$0.24,$9.77,,9000
214,Kinder Morgan,Pipelines,Energy,"Houston, TX",$19.20,16%,$2.55,$70.08,$39.36,10525
215,Tenet Healthcare,Health Care: Medical Facilities,Health Care,"Dallas, TX",$19.17,-2%,$0.41,$27.16,$6.08,89088
216,Devon Energy,"Mining, Crude-Oil Production",Energy,"Oklahoma City, OK",$19.17,57%,$6.02,$23.72,$33.10,1800
217,Mosaic,Chemicals,Chemicals,"Tampa, FL",$19.12,55%,$3.58,$23.39,$15.44,13570
218,Exelon,Utilities: Gas and Electric,Energy,"Chicago, IL",$19.08,-48%,$2.17,$95.35,$41.65,19063
219,General Mills,Food Consumer Products,"Food, Beverages & Tobacco","Minneapolis, MN",$18.99,5%,$2.71,$31.09,$50.20,32500
220,Global Partners,Wholesalers: Diversified,Wholesalers,"Waltham, MA",$18.88,42%,$0.36,$3.16,$1.06,3585
221,Western Digital,"Computers, Office Equipment",Technology,"San Jose, CA",$18.79,11%,$1.50,$26.26,$12.03,65000
222,Lincoln National,"Insurance: Life, Health (Stock)",Financials,"Radnor, PA",$18.77,-2%,$2.24,$335.11,$3.80,11316
223,Ross Stores,Specialty Retailers: Apparel,Retailing,"Dublin, CA",$18.70,-1%,$1.51,$13.42,$36.30,101000
224,Stryker,Medical Products and Equipment,Health Care,"Kalamazoo, MI",$18.45,8%,$2.36,$36.88,$108.23,51000
225,Kyndryl Holdings,Information Technology Services,Technology,"New York, NY",$18.32,(No previous year),$2.05,$13.44,$3.36,90000
226,Kohl's,General Merchandisers,Retailing,"Menomonee Falls, WI",$18.10,-7%,$0.02,$14.34,$2.61,66500
227,Stanley Black & Decker,"Home Equipment, Furnishings",Household Products,"New Britain, CT",$18.00,4%,$1.06,$24.96,$12.33,54200
228,Colgate-Palmolive,Household and Personal Products,Household Products,"New York, NY",$17.97,3%,$1.78,$15.73,$62.54,33800
229,BlackRock,Securities,Financials,"New York, NY",$17.87,-8%,$5.18,$117.63,$100.53,19800
230,Fiserv,Financial Data Services,Business Services,"Brookfield, WI",$17.74,9%,$2.53,$83.87,$71.00,41000
230,Estee Lauder,Household and Personal Products,Household Products,"New York, NY",$17.74,9%,$2.39,$20.91,$88.04,53865
232,PPG Industries,Chemicals,Chemicals,"Pittsburgh, PA",$17.65,5%,$1.03,$20.74,$31.44,52000
233,Adobe,Computer Software,Technology,"San Jose, CA",$17.61,12%,$4.76,$27.16,$176.77,29239
234,Block,Financial Data Services,Business Services,"San Francisco, CA",$17.53,-1%,$0.54,$31.36,$41.33,12428
235,Synchrony Financial,Diversified Financials,Financials,"Stamford, CT",$17.53,11%,$3.02,$104.56,$12.71,18500
236,Principal Financial,"Insurance: Life, Health (Stock)",Financials,"Des Moines, IA",$17.49,23%,$4.81,$292.24,$18.07,19300
237,Lumen Technologies,Telecommunications,Telecommunications,"Monroe, LA",$17.48,-11%,$1.55,$45.58,$2.65,29000
238,Corteva,Food Production,"Food, Beverages & Tobacco","Indianapolis, IN",$17.45,11%,$1.15,$42.62,$42.98,21000
239,Andersons,Food Production,"Food, Beverages & Tobacco","Maumee, OH",$17.35,36%,$0.13,$4.61,$1.40,2244
240,Lam Research,Semiconductors and Other Electronic Components,Technology,"Fremont, CA",$17.23,18%,$4.61,$17.20,$71.53,17700
241,Edison International,Utilities: Gas and Electric,Energy,"Rosemead, CA",$17.22,16%,$0.61,$78.04,$27.01,13110
242,Dominion Energy,Utilities: Gas and Electric,Energy,"Richmond, VA",$17.17,21%,$0.99,$104.24,$46.70,17200
243,Booking Holdings,Internet Services and Retailing,Technology,"Norwalk, CT",$17.09,56%,$3.06,$25.36,$99.86,21492
244,Quanta Services,Engineering & Construction,Engineering & Construction,"Houston, TX",$17.07,32%,$0.49,$13.46,$24.00,47300
245,Expeditors Intl. of Washington,Transportation and Logistics,Transportation,"Seattle, WA",$17.07,3%,$1.36,$5.59,$17.01,20302
246,L3Harris Technologies,Aerospace & Defense,Aerospace & Defense,"Melbourne, FL",$17.06,-4%,$1.06,$33.52,$37.28,46000
247,Reliance Steel & Aluminum,Metals,Materials,"Scottsdale, AZ",$17.02,21%,$1.84,$10.33,$15.14,14750
248,Live Nation Entertainment,Entertainment,Media,"Beverly Hills, CA",$16.68,(No previous year),$0.30,$16.46,$16.21,20550
249,DISH Network,Telecommunications,Telecommunications,"Englewood, CO",$16.68,-7%,$2.30,$52.61,$4.96,14200
250,DuPont,Chemicals,Chemicals,"Wilmington, DE",$16.55,-4%,$5.87,$41.36,$32.90,23000
251,Automatic Data Processing,Diversified Outsourcing Services,Business Services,"Roseland, NJ",$16.50,10%,$2.95,$63.07,$92.25,60000
252,Group 1 Automotive,"Automotive Retailing, Services",Retailing,"Houston, TX",$16.41,19%,$0.75,$6.72,$3.19,15491
253,Aramark,Diversified Outsourcing Services,Business Services,"Philadelphia, PA",$16.33,35%,$0.20,$15.08,$9.33,273875
254,Thor Industries,Motor Vehicles & Parts,Motor Vehicles & Parts,"Elkhart, IN",$16.31,32%,$1.14,$7.41,$4.26,32000
255,DXC Technology,Information Technology Services,Technology,"Ashburn, VA",$16.26,-8%,$0.72,$20.14,$5.82,130000
256,Viatris,Pharmaceuticals,Health Care,"Canonsburg, PA",$16.26,-9%,$2.08,$50.02,$11.51,37000
257,Reinsurance Group of America,"Insurance: Life, Health (Stock)",Financials,"Chesterfield, MO",$16.26,-2%,$0.62,$84.71,$8.88,3800
258,AutoZone,Specialty Retailers: Other,Retailing,"Memphis, TN",$16.25,11%,$2.43,$15.28,$45.22,90720
259,PulteGroup,Homebuilders,Engineering & Construction,"Atlanta, GA",$16.23,17%,$2.62,$14.80,$13.07,6524
260,Illinois Tool Works,Industrial Machinery,Industrials,"Glenview, IL",$15.93,10%,$3.03,$15.42,$74.21,46000
261,Parker-Hannifin,Industrial Machinery,Industrials,"Cleveland, OH",$15.86,11%,$1.32,$25.94,$43.11,55090
262,BorgWarner,Motor Vehicles & Parts,Motor Vehicles & Parts,"Auburn Hills, MI",$15.80,6%,$0.94,$16.99,$11.48,52700
263,Westlake,Chemicals,Chemicals,"Houston, TX",$15.79,34%,$2.25,$20.55,$14.81,15920
264,Consolidated Edison,Utilities: Gas and Electric,Energy,"New York, NY",$15.67,15%,$1.66,$69.06,$33.97,14319
265,Gap,Specialty Retailers: Apparel,Retailing,"San Francisco, CA",$15.62,-6%,$0.20,$11.39,$3.69,95000
266,Opendoor Technologies,Internet Services and Retailing,Technology,"Tempe, AZ",$15.57,94%,$1.35,$6.61,$1.13,2570
267,Nordstrom,General Merchandisers,Retailing,"Seattle, WA",$15.53,5%,$0.24,$8.74,$2.61,60000
268,Asbury Automotive Group,"Automotive Retailing, Services",Retailing,"Duluth, GA",$15.43,57%,$1.00,$8.02,$4.56,13000
269,Ball,"Packaging, Containers",Materials,"Westminster, CO",$15.35,11%,$0.72,$19.91,$17.33,21000
270,Kellogg,Food Consumer Products,"Food, Beverages & Tobacco","Battle Creek, MI",$15.32,8%,$0.96,$18.50,$22.94,30000
271,Xcel Energy,Utilities: Gas and Electric,Energy,"Minneapolis, MN",$15.31,14%,$1.74,$61.19,$37.08,11982
272,W.W. Grainger,Wholesalers: Diversified,Wholesalers,"Lake Forest, IL",$15.23,17%,$1.55,$7.59,$34.62,24500
273,Discover Financial Services,Commercial Banks,Financials,"Riverwoods, IL",$15.20,15%,$4.39,$131.63,$25.64,20200
274,Baxter International,Medical Products and Equipment,Health Care,"Deerfield, IL",$15.11,18%,$2.43,$28.29,$20.50,60000
275,Southwestern Energy,"Mining, Crude-Oil Production",Energy,"Spring, TX",$15.00,125%,$1.85,$12.93,$5.51,1118
276,DCP Midstream,Pipelines,Energy,"Denver, CO",$14.99,40%,$1.05,$13.33,$8.70,1910
277,Jacobs Solutions,Engineering & Construction,Engineering & Construction,"Dallas, TX",$14.92,6%,$0.64,$14.66,$14.89,58350
278,Laboratory Corp. of America,Health Care: Pharmacy and Other Services,Health Care,"Burlington, NC",$14.88,-8%,$1.28,$20.16,$20.30,75200
279,CSX,Railroads,Transportation,"Jacksonville, FL",$14.85,19%,$4.17,$41.91,$61.33,22542
280,J.B. Hunt Transport Services,"Trucking, Truck Leasing",Transportation,"Lowell, AR",$14.81,22%,$0.97,$7.79,$18.21,37151
281,Guardian Life Ins. Co. of America,"Insurance: Life, Health (Mutual)",Financials,"New York, NY",$14.65,0%,$0.07,$91.62,,8025
282,Jackson Financial,"Insurance: Life, Health (Stock)",Financials,"Lansing, MI",$14.55,64%,$5.70,$311.06,$3.08,3435
283,Fidelity National Information Services,Financial Data Services,Business Services,"Jacksonville, FL",$14.53,5%,$16.72,$63.28,$32.16,69000
284,Berry Global Group,"Packaging, Containers",Materials,"Evansville, IN",$14.50,5%,$0.77,$16.96,$7.15,46000
285,Sempra,Utilities: Gas and Electric,Energy,"San Diego, CA",$14.44,12%,$2.14,$78.57,$47.56,15785
286,IQVIA Holdings,Health Care: Pharmacy and Other Services,Health Care,"Durham, NC",$14.41,4%,$1.09,$25.34,$37.02,86000
287,O'Reilly Automotive,Specialty Retailers: Other,Retailing,"Springfield, MO",$14.41,8%,$2.17,$12.63,$52.27,79679
288,Leidos Holdings,Information Technology Services,Technology,"Reston, VA",$14.40,5%,$0.68,$13.07,$12.63,45000
289,Ameriprise Financial,Diversified Financials,Financials,"Minneapolis, MN",$14.35,7%,$2.56,$158.47,$32.23,13500
290,Omnicom Group,"Advertising, Marketing",Business Services,"New York, NY",$14.29,0%,$1.32,$27.00,$19.00,74200
291,Tractor Supply,Specialty Retailers: Other,Retailing,"Brentwood, TN",$14.20,12%,$1.09,$8.49,$25.83,36500
292,Corning,"Electronics, Electrical Equipment",Industrials,"Corning, NY",$14.19,1%,$1.32,$29.50,$29.89,57500
293,Ecolab,Chemicals,Chemicals,"St. Paul, MN",$14.19,11%,$1.09,$21.46,$47.12,47000
294,Icahn Enterprises,Diversified Financials,Financials,"Sunny Isles Beach, FL",$14.10,24%,$0.18,$27.91,$18.28,20041
295,Farmers Insurance Exchange,Insurance: Property and Casualty (Mutual),Financials,"Woodland Hills, CA",$14.09,0%,$0.31,$22.98,,11344
296,Keurig Dr Pepper,Beverages,"Food, Beverages & Tobacco","Burlington, MA",$14.06,11%,$1.44,$51.84,$49.62,28000
297,Loews,Insurance: Property and Casualty (Stock),Financials,"New York, NY",$14.04,-4%,$1.01,$75.49,$13.40,12050
298,Equitable Holdings,"Insurance: Life, Health (Stock)",Financials,"New York, NY",$14.02,27%,$1.78,$253.47,$9.19,10250
299,Sonic Automotive,"Automotive Retailing, Services",Retailing,"Charlotte, NC",$14.00,13%,$0.09,$4.98,$1.93,10300
300,Fox,Entertainment,Media,"New York, NY",$13.97,8%,$1.20,$22.18,$17.55,10600
301,American Family Insurance Group,Insurance: Property and Casualty (Stock),Financials,"Madison, WI",$13.81,-5%,$1.90,$36.09,,12990
302,Entergy,Utilities: Gas and Electric,Energy,"New Orleans, LA",$13.76,17%,$1.10,$58.60,$22.85,11707
303,Fluor,Engineering & Construction,Engineering & Construction,"Irving, TX",$13.74,-3%,$0.14,$6.83,$4.39,39576
304,Vistra,Energy,Energy,"Irving, TX",$13.73,14%,$1.23,$32.79,$9.15,4910
305,State Street,Commercial Banks,Financials,"Boston, MA",$13.69,14%,$2.77,$301.45,$26.07,42226
306,Otis Worldwide,Industrial Machinery,Industrials,"Farmington, CT",$13.68,-4%,$1.25,$9.82,$35.02,69000
307,Peter Kiewit Sons',Engineering & Construction,Engineering & Construction,"Omaha, NE",$13.66,12%,$0.71,$7.22,,25700
308,Carvana,"Automotive Retailing, Services",Retailing,"Tempe, AZ",$13.60,6%,$1.59,$8.70,$1.76,16600
309,Republic Services,Waste Management,Business Services,"Phoenix, AZ",$13.51,20%,$1.49,$29.05,$42.76,40000
310,AECOM,Engineering & Construction,Engineering & Construction,"Dallas, TX",$13.50,-4%,$0.31,$11.14,$11.72,50000
311,Universal Health Services,Health Care: Medical Facilities,Health Care,"King of Prussia, PA",$13.40,6%,$0.68,$13.49,$8.98,82500
312,Pacific Life,"Insurance: Life, Health (Stock)",Financials,"Newport Beach, CA",$13.36,-4%,$0.76,$199.32,,3950
313,VMware,Computer Software,Technology,"Palo Alto, CA",$13.35,(No previous year),$1.31,$31.24,$53.50,38300
314,Western & Southern Financial Group,"Insurance: Life, Health (Mutual)",Financials,"Cincinnati, OH",$13.16,39%,$0.31,$69.15,,2594
315,MGM Resorts International,"Hotels, Casinos, Resorts","Hotels, Restaurants & Leisure","Las Vegas, NV",$13.13,36%,$1.47,$45.69,$16.56,66000
316,Casey's General Stores,Specialty Retailers: Other,Retailing,"Ankeny, IA",$12.95,69%,$0.34,$5.51,$8.07,31466
317,Crown Holdings,"Packaging, Containers",Materials,"Tampa, FL",$12.94,0%,$0.73,$14.30,$9.93,26000
318,Textron,Aerospace & Defense,Aerospace & Defense,"Providence, RI",$12.87,4%,$0.86,$16.29,$14.38,34000
319,LKQ,Wholesalers: Diversified,Wholesalers,"Chicago, IL",$12.79,-2%,$1.15,$12.04,$15.17,45000
320,Norfolk Southern,Railroads,Transportation,"Atlanta, GA",$12.74,14%,$3.27,$38.88,$48.26,19300
321,Intuit,Computer Software,Technology,"Mountain View, CA",$12.73,32%,$2.07,$27.73,$125.08,21850
322,Air Products & Chemicals,Chemicals,Chemicals,"Allentown, PA",$12.70,23%,$2.26,$27.19,$63.78,20805
323,Boston Scientific,Medical Products and Equipment,Health Care,"Marlborough, MA",$12.68,7%,$0.70,$32.47,$71.91,45000
324,AGCO,Construction and Farm Machinery,Industrials,"Duluth, GA",$12.65,14%,$0.89,$10.10,$10.12,25600
325,Henry Schein,Wholesalers: Health Care,Health Care,"Melville, NY",$12.65,2%,$0.54,$8.61,$10.70,22000
326,Amphenol,Network and Other Communications Equipment,Technology,"Wallingford, CT",$12.62,16%,$1.90,$15.33,$48.59,91000
327,AES,Utilities: Gas and Electric,Energy,"Arlington, VA",$12.62,13%,$0.55,$38.36,$16.11,9100
328,Mutual of Omaha,"Insurance: Life, Health (Mutual)",Financials,"Omaha, NE",$12.53,(No previous year),$0.18,$45.14,,6350
329,Ovintiv,"Mining, Crude-Oil Production",Energy,"Denver, CO",$12.46,44%,$3.64,$15.06,$8.77,1744
330,Hormel Foods,Food Consumer Products,"Food, Beverages & Tobacco","Austin, MN",$12.46,9%,$1.00,$13.31,$21.80,20000
331,Alcoa,Metals,Materials,"Pittsburgh, PA",$12.45,2%,$0.12,$14.76,$7.59,13100
332,International Flavors & Fragrances,Chemicals,Chemicals,"New York, NY",$12.44,7%,$1.87,$35.41,$23.46,24600
333,Jones Financial (Edward Jones),Securities,Financials,"Des Peres, MO",$12.41,0%,$1.40,$29.89,,52000
334,Dick's Sporting Goods,Specialty Retailers: Other,Retailing,"Coraopolis, PA",$12.37,1%,$1.04,$8.99,$12.15,35800
335,Eversource Energy,Utilities: Gas and Electric,Energy,"Springfield, MA",$12.29,25%,$1.40,$53.23,$27.29,9626
336,Wayfair,Internet Services and Retailing,Retailing,"Boston, MA",$12.22,-11%,$1.33,$3.58,$3.80,15745
337,Community Health Systems,Health Care: Medical Facilities,Health Care,"Franklin, TN",$12.21,-1%,$0.05,$14.67,$0.67,58500
338,Ally Financial,Diversified Financials,Financials,"Detroit, MI",$12.20,14%,$1.71,$191.83,$7.67,11600
339,Regeneron Pharmaceuticals,Pharmaceuticals,Health Care,"Tarrytown, NY",$12.17,-24%,$4.34,$29.22,$89.83,11851
340,Liberty Media,Entertainment,Media,"Englewood, CO",$12.16,7%,$1.82,$42.46,$9.13,7283
341,APA,"Mining, Crude-Oil Production",Energy,"Houston, TX",$12.13,53%,$3.67,$13.15,$11.21,2273
342,Qurate Retail,Internet Services and Retailing,Retailing,"Englewood, CO",$12.11,-14%,$2.59,$12.57,$0.41,24683
343,FirstEnergy,Utilities: Gas and Electric,Energy,"Akron, OH",$12.05,12%,$0.41,$46.11,$22.92,12335
344,Analog Devices,Semiconductors and Other Electronic Components,Technology,"Wilmington, MA",$12.01,64%,$2.75,$50.30,$99.76,24450
345,Ryder System,Transportation and Logistics,Transportation,"Miami, FL",$12.01,24%,$0.87,$14.40,$4.15,48300
346,Avis Budget Group,"Automotive Retailing, Services",Retailing,"Parsippany, NJ",$11.99,29%,$2.76,$25.93,$7.69,21500
347,Unum Group,"Insurance: Life, Health (Stock)",Financials,"Chattanooga, TN",$11.99,0%,$1.31,$61.44,$7.80,10801
348,Newmont,"Mining, Crude-Oil Production",Energy,"Denver, CO",$11.92,-3%,$0.43,$38.48,$38.95,14600
349,VF,Apparel,Apparel,"Denver, CO",$11.84,28%,$1.39,$13.34,$8.90,27650
350,Chesapeake Energy,"Mining, Crude-Oil Production",Energy,"Oklahoma City, OK",$11.74,(No previous year),$4.94,$15.47,$10.24,1200
351,Mohawk Industries,"Home Equipment, Furnishings",Household Products,"Calhoun, GA",$11.74,5%,$0.02,$14.12,$6.37,40900
352,Markel,Insurance: Property and Casualty (Stock),Financials,"Glen Allen, VA",$11.68,-9%,$0.21,$49.79,$17.09,20900
353,Expedia Group,Internet Services and Retailing,Retailing,"Seattle, WA",$11.67,36%,$0.35,$21.56,$14.88,16500
354,Caesars Entertainment,"Hotels, Casinos, Resorts","Hotels, Restaurants & Leisure","Reno, NV",$11.65,5%,$0.90,$33.53,$10.50,49000
355,United Rentals,Equipment Leasing,Business Services,"Stamford, CT",$11.64,20%,$2.10,$24.18,$27.46,24600
356,Apollo Global Management,Securities,Financials,"New York, NY",$11.63,27%,$3.21,$259.33,$36.04,4258
357,DaVita,Health Care: Medical Facilities,Health Care,"Denver, CO",$11.61,0%,$0.56,$16.93,$7.33,70000
358,Hess,"Mining, Crude-Oil Production",Energy,"New York, NY",$11.57,53%,$2.10,$21.70,$40.52,1623
359,Fidelity National Financial,Insurance: Property and Casualty (Stock),Financials,"Jacksonville, FL",$11.56,-26%,$1.14,$65.59,$9.51,21759
360,Conagra Brands,Food Consumer Products,"Food, Beverages & Tobacco","Chicago, IL",$11.54,3%,$0.89,$22.44,$17.90,18000
361,Univar Solutions,Wholesalers: Diversified,Wholesalers,"Downers Grove, IL",$11.48,20%,$0.55,$7.15,$5.52,9746
362,Auto-Owners Insurance,Insurance: Property and Casualty (Mutual),Financials,"Lansing, MI",$11.41,4%,$0.06,$33.22,,6733
363,Raymond James Financial,Securities,Financials,"St. Petersburg, FL",$11.31,14%,$1.51,$80.95,$20.09,17000
364,Seaboard,Food Production,"Food, Beverages & Tobacco","Merriam, KS",$11.24,22%,$0.58,$7.90,$4.38,12614
365,CF Industries Holdings,Chemicals,Chemicals,"Deerfield, IL",$11.19,71%,$3.35,$13.31,$14.21,2659
366,S&P Global,Financial Data Services,Business Services,"New York, NY",$11.18,35%,$3.25,$61.78,$113.07,39950
367,W.R. Berkley,Insurance: Property and Casualty (Stock),Financials,"Greenwich, CT",$11.17,18%,$1.38,$33.86,$16.40,8186
368,Advance Auto Parts,Specialty Retailers: Other,Retailing,"Raleigh, NC",$11.16,1%,$0.50,$12.02,$7.21,53500
369,EMCOR Group,Engineering & Construction,Engineering & Construction,"Norwalk, CT",$11.08,12%,$0.41,$5.52,$7.75,35500
370,Williams,Pipelines,Energy,"Tulsa, OK",$10.96,3%,$2.05,$48.43,$36.39,5043
371,Interpublic Group,"Advertising, Marketing",Business Services,"New York, NY",$10.93,7%,$0.94,$18.84,$14.34,58400
372,TravelCenters of America,Specialty Retailers: Other,Retailing,"Westlake, OH",$10.84,48%,$0.16,$3.65,$1.31,17195
373,American Tower,Real Estate,Financials,"Boston, MA",$10.71,14%,$1.77,$67.19,$95.15,6391
374,Molson Coors Beverage,Beverages,"Food, Beverages & Tobacco","Chicago, IL",$10.70,4%,$0.18,$25.87,$11.36,16600
375,Huntington Ingalls Industries,Aerospace & Defense,Aerospace & Defense,"Newport News, VA",$10.68,12%,$0.58,$10.86,$8.26,43000
376,NVR,Homebuilders,Engineering & Construction,"Reston, VA",$10.58,18%,$1.73,$5.66,$18.10,6550
377,Eastman Chemical,Chemicals,Chemicals,"Kingsport, TN",$10.58,1%,$0.79,$14.67,$10.05,14500
378,Graybar Electric,Wholesalers: Diversified,Wholesalers,"St. Louis, MO",$10.53,20%,$0.45,$3.75,,9400
379,Insight Enterprises,Information Technology Services,Technology,"Chandler, AZ",$10.43,11%,$0.28,$5.11,$4.83,13448
380,Hershey,Food Consumer Products,"Food, Beverages & Tobacco","Hershey, PA",$10.42,16%,$1.64,$10.95,$51.91,18970
381,News Corp.,"Publishing, Printing",Media,"New York, NY",$10.38,11%,$0.62,$17.22,$9.97,25500
382,Toll Brothers,Homebuilders,Engineering & Construction,"Fort Washington, PA",$10.28,17%,$1.29,$12.29,$6.65,5200
383,Ulta Beauty,Specialty Retailers: Other,Retailing,"Bolingbrook, IL",$10.21,18%,$1.24,$5.37,$27.39,35750
384,Assurant,Insurance: Property and Casualty (Stock),Financials,"Atlanta, GA",$10.19,-11%,$0.28,$33.12,$6.35,13700
385,Weyerhaeuser,Forest and Paper Products,Materials,"Seattle, WA",$10.18,0%,$1.88,$17.34,$22.08,9264
386,Biogen,Pharmaceuticals,Health Care,"Cambridge, MA",$10.17,-7%,$3.05,$24.55,$40.17,8725
387,Dana,Motor Vehicles & Parts,Motor Vehicles & Parts,"Maumee, OH",$10.16,14%,$0.24,$7.45,$2.17,41800
388,UGI,Utilities: Gas and Electric,Energy,"King of Prussia, PA",$10.11,36%,$1.07,$17.58,$7.28,10000
389,Chewy,Internet Services and Retailing,Retailing,"Plantation, FL",$10.10,14%,$0.05,$2.52,$15.96,19400
390,Owens & Minor,Wholesalers: Health Care,Health Care,"Mechanicsville, VA",$9.96,2%,$0.02,$5.39,$1.11,22500
391,Quest Diagnostics,Health Care: Pharmacy and Other Services,Health Care,"Secaucus, NJ",$9.88,-8%,$0.95,$12.84,$15.75,44500
392,Public Service Enterprise Group,Utilities: Gas and Electric,Energy,"Newark, NJ",$9.80,1%,$1.03,$48.72,$31.15,12525
393,eBay,Internet Services and Retailing,Technology,"San Jose, CA",$9.80,-21%,$1.27,$20.85,$23.82,11600
394,MasTec,Engineering & Construction,Engineering & Construction,"Coral Gables, FL",$9.78,23%,$0.03,$9.29,$7.44,32000
395,Owens Corning,"Building Materials, Glass",Materials,"Toledo, OH",$9.76,15%,$1.24,$10.75,$8.70,19000
396,Celanese,Chemicals,Chemicals,"Irving, TX",$9.67,13%,$1.89,$26.27,$12.07,13263
397,Altice USA,Telecommunications,Telecommunications,"Long Island City, NY",$9.65,-4%,$0.20,$33.66,$1.56,11000
398,Alaska Air Group,Airlines,Transportation,"Seattle, WA",$9.65,(No previous year),$0.06,$14.19,$5.35,24196
399,SpartanNash,Wholesalers: Food and Grocery,Wholesalers,"Byron Center, MI",$9.64,8%,$0.04,$2.31,$0.87,14000
400,Diamondback Energy,"Mining, Crude-Oil Production",Energy,"Midland, TX",$9.64,42%,$4.39,$26.21,$24.82,972
401,Intercontinental Exchange,Securities,Financials,"Atlanta, GA",$9.64,5%,$1.45,$194.34,$58.37,8911
402,Darden Restaurants,Food Services,"Hotels, Restaurants & Leisure","Orlando, FL",$9.63,34%,$0.95,$10.14,$18.88,178956
403,UFP Industries,"Building Materials, Glass",Materials,"Grand Rapids, MI",$9.63,11%,$0.69,$3.67,$4.96,15500
404,WEC Energy Group,Utilities: Gas and Electric,Energy,"Milwaukee, WI",$9.60,15%,$1.41,$41.87,$29.90,7022
405,Yum China Holdings,Food Services,"Hotels, Restaurants & Leisure","Plano, TX",$9.57,-3%,$0.44,$11.83,$26.52,275500
406,EnLink Midstream,Pipelines,Energy,"Dallas, TX",$9.54,43%,$0.36,$8.65,$5.10,1132
407,Continental Resources,"Mining, Crude-Oil Production",Energy,"Oklahoma City, OK",$9.47,(No previous year),$4.03,$20.88,,1404
408,Newell Brands,"Home Equipment, Furnishings",Household Products,"Atlanta, GA",$9.46,-11%,$0.20,$13.26,$5.14,28000
409,Graphic Packaging Holding,"Packaging, Containers",Materials,"Atlanta, GA",$9.44,32%,$0.52,$10.33,$7.83,24000
410,Olin,Chemicals,Chemicals,"Clayton, MO",$9.38,5%,$1.33,$8.04,$7.26,7780
411,Fifth Third Bancorp,Commercial Banks,Financials,"Cincinnati, OH",$9.35,12%,$2.45,$207.45,$18.14,19319
412,Thrivent Financial for Lutherans,"Insurance: Life, Health (Mutual)",Financials,"Minneapolis, MN",$9.35,-9%,$1.08,$110.10,,3692
413,CenterPoint Energy,Utilities: Gas and Electric,Energy,"Houston, TX",$9.32,12%,$1.06,$38.55,$18.59,8986
414,Erie Insurance Group,Insurance: Property and Casualty (Mutual),Financials,"Erie, PA",$9.30,-3%,$0.58,$26.60,,5997
415,CommScope Holding,Network and Other Communications Equipment,Technology,"Hickory, NC",$9.23,7%,$1.29,$11.68,$1.34,30000
416,KLA,Semiconductors and Other Electronic Components,Technology,"Milpitas, CA",$9.21,33%,$3.32,$12.60,$55.28,14140
417,JetBlue Airways,Airlines,Transportation,"Long Island City, NY",$9.16,(No previous year),$0.36,$13.04,$2.38,18785
418,Motorola Solutions,Network and Other Communications Equipment,Technology,"Chicago, IL",$9.11,12%,$1.36,$12.81,$47.92,20000
419,Citizens Financial Group,Commercial Banks,Financials,"Providence, RI",$9.07,30%,$2.07,$226.73,$14.71,18889
420,Coterra Energy,"Mining, Crude-Oil Production",Energy,"Houston, TX",$9.05,(No previous year),$4.07,$20.15,$18.79,1225
421,Avery Dennison,"Packaging, Containers",Materials,"Mentor, OH",$9.04,8%,$0.76,$7.95,$14.51,36000
422,PVH,Apparel,Apparel,"New York, NY",$9.02,-1%,$0.20,$11.77,$5.59,25000
423,GXO Logistics,Transportation and Logistics,Transportation,"Greenwich, CT",$8.99,13%,$0.20,$9.22,$5.99,112000
424,Polaris,Transportation Equipment,Transportation,"Medina, MN",$8.99,9%,$0.45,$5.22,$6.30,16200
425,Global Payments,Financial Data Services,Business Services,"Atlanta, GA",$8.98,5%,$0.11,$44.81,$27.76,25000
426,Arconic,Metals,Materials,"Pittsburgh, PA",$8.96,19%,$0.18,$6.02,$2.61,11550
427,Vertex Pharmaceuticals,Pharmaceuticals,Health Care,"Boston, MA",$8.93,18%,$3.32,$18.15,$81.00,4800
428,Commercial Metals,Metals,Materials,"Irving, TX",$8.91,32%,$1.22,$6.24,$5.73,12483
429,Autoliv,Motor Vehicles & Parts,Motor Vehicles & Parts,"Auburn Hills, MI",$8.84,7%,$0.42,$7.72,$8.01,65300
430,Constellation Brands,Beverages,"Food, Beverages & Tobacco","Victor, NY",$8.82,2%,$0.04,$25.86,$41.69,10000
431,Hilton Worldwide Holdings,"Hotels, Casinos, Resorts","Hotels, Restaurants & Leisure","McLean, VA",$8.77,(No previous year),$1.25,$15.51,$37.53,159000
432,Foot Locker,Specialty Retailers: Apparel,Retailing,"New York, NY",$8.76,-2%,$0.34,$7.91,$3.71,31040
433,Huntsman,Chemicals,Chemicals,"The Woodlands, TX",$8.72,3%,$0.46,$8.22,$5.03,7000
434,Burlington Stores,Specialty Retailers: Apparel,Retailing,"Burlington, NJ",$8.70,-7%,$0.23,$7.27,$13.12,38018
435,Hertz Global Holdings,"Automotive Retailing, Services",Retailing,"Estero, FL",$8.68,18%,$2.06,$22.50,$5.25,25000
436,Masco,"Home Equipment, Furnishings",Household Products,"Livonia, MI",$8.68,4%,$0.84,$5.19,$11.21,19000
437,Williams-Sonoma,Specialty Retailers: Other,Retailing,"San Francisco, CA",$8.67,5%,$1.13,$4.66,$8.06,16800
438,Chipotle Mexican Grill,Food Services,"Hotels, Restaurants & Leisure","Newport Beach, CA",$8.64,14%,$0.90,$6.93,$47.19,104958
439,M&T Bank,Commercial Banks,Financials,"Buffalo, NY",$8.60,(No previous year),$1.99,$200.73,$20.09,22509
440,LPL Financial Holdings,Securities,Financials,"San Diego, CA",$8.60,11%,$0.85,$9.48,$15.91,6415
441,CMS Energy,Utilities: Gas and Electric,Energy,"Jackson, MI",$8.60,14%,$0.84,$31.35,$17.90,8817
442,Campbell Soup,Food Consumer Products,"Food, Beverages & Tobacco","Camden, NJ",$8.56,1%,$0.76,$11.89,$16.46,14700
443,Arthur J. Gallagher,Diversified Financials,Financials,"Rolling Meadows, IL",$8.55,4%,$1.11,$38.91,$40.96,43640
444,Blackstone,Diversified Financials,Financials,"New York, NY",$8.52,-62%,$1.75,$42.52,$62.05,4695
445,Dover,Industrial Machinery,Industrials,"Downers Grove, IL",$8.51,8%,$1.06,$10.90,$21.24,25000
446,ODP,Specialty Retailers: Other,Retailing,"Boca Raton, FL",$8.49,-8%,$0.17,$4.15,$1.81,25000
447,Packaging Corp. of America,"Packaging, Containers",Materials,"Lake Forest, IL",$8.48,10%,$1.03,$8.00,$12.48,15100
448,Brighthouse Financial,"Insurance: Life, Health (Stock)",Financials,"Charlotte, NC",$8.47,19%,$0.00,$225.58,$2.99,1500
449,Beacon Roofing Supply,Wholesalers: Diversified,Wholesalers,"Herndon, VA",$8.43,24%,$0.46,$6.00,$3.78,7478
450,Airbnb,Internet Services and Retailing,Technology,"San Francisco, CA",$8.40,(No previous year),$1.89,$16.04,$79.68,6811
451,Boise Cascade,Wholesalers: Diversified,Wholesalers,"Boise, ID",$8.39,6%,$0.86,$3.24,$2.51,6840
452,Booz Allen Hamilton Holding,Information Technology Services,Technology,"McLean, VA",$8.36,6%,$0.47,$6.03,$12.26,29300
453,Westinghouse Air Brake Technologies,Industrial Machinery,Industrials,"Pittsburgh, PA",$8.36,7%,$0.63,$18.52,$18.23,27000
454,ON Semiconductor,Semiconductors and Other Electronic Components,Technology,"Scottsdale, AZ",$8.33,24%,$1.90,$11.98,$35.56,31055
455,Oshkosh,Construction and Farm Machinery,Industrials,"Oshkosh, WI",$8.28,4%,$0.17,$7.73,$5.44,15000
456,Franklin Resources,Securities,Financials,"San Mateo, CA",$8.28,-2%,$1.29,$28.06,$13.48,9800
457,Taylor Morrison Home,Homebuilders,Engineering & Construction,"Scottsdale, AZ",$8.22,10%,$1.05,$8.47,$4.14,3000
458,A-Mark Precious Metals,Wholesalers: Diversified,Wholesalers,"El Segundo, CA",$8.16,7%,$0.13,$1.44,$0.82,381
459,KeyCorp,Commercial Banks,Financials,"Cleveland, OH",$8.13,8%,$1.92,$189.81,$11.58,17660
460,ARKO,Specialty Retailers: Other,Retailing,"Richmond, VA",$8.13,27%,$0.07,$3.26,$1.02,12223
461,Lululemon athletica,Specialty Retailers: Apparel,Retailing,"Sumner, WA",$8.11,(No previous year),$0.86,$5.61,$46.31,34000
462,Old Republic International,Insurance: Property and Casualty (Stock),Financials,"Chicago, IL",$8.08,-13%,$0.69,$25.16,$7.40,9500
463,Zoetis,Pharmaceuticals,Health Care,"Parsippany, NJ",$8.08,4%,$2.11,$14.92,$77.05,13800
464,Marathon Oil,"Mining, Crude-Oil Production",Energy,"Houston, TX",$8.04,(No previous year),$3.61,$19.94,$15.09,1570
465,J.M. Smucker,Food Consumer Products,"Food, Beverages & Tobacco","Orrville, OH",$8.00,0%,$0.63,$16.06,$16.78,6700
466,Huntington Bancshares,Commercial Banks,Financials,"Columbus, OH",$7.95,(No previous year),$2.24,$182.91,$16.24,19920
467,NGL Energy Partners,Pipelines,Energy,"Tulsa, OK",$7.95,(No previous year),$0.18,$6.07,$0.38,842
468,Ingredion,Food Production,"Food, Beverages & Tobacco","Westchester, IL",$7.95,15%,$0.49,$7.56,$6.71,11700
469,Fortune Brands Innovations,"Building Materials, Glass",Materials,"Deerfield, IL",$7.92,3%,$0.69,$6.12,$7.46,11200
470,PPL,Utilities: Gas and Electric,Energy,"Allentown, PA",$7.90,11%,$0.76,$37.84,$20.47,6527
471,Sanmina,Semiconductors and Other Electronic Components,Technology,"San Jose, CA",$7.89,17%,$0.26,$4.86,$3.56,36000
472,Bed Bath & Beyond,Specialty Retailers: Other,Retailing,"Union, NJ",$7.87,-15%,$0.56,$5.13,$0.18,32000
473,Cintas,Diversified Outsourcing Services,Business Services,"Cincinnati, OH",$7.86,10%,$1.24,$8.15,$47.04,43000
474,NCR,"Computers, Office Equipment",Technology,"Atlanta, GA",$7.84,10%,$0.06,$11.51,$3.30,35000
475,ABM Industries,Diversified Outsourcing Services,Business Services,"New York, NY",$7.81,(No previous year),$0.23,$4.87,$2.97,127000
476,Rockwell Automation,"Electronics, Electrical Equipment",Industrials,"Milwaukee, WI",$7.76,11%,$0.93,$10.76,$33.68,26000
477,Northern Trust,Commercial Banks,Financials,"Chicago, IL",$7.75,19%,$1.34,$155.04,$18.31,23600
478,XPO,Transportation and Logistics,Transportation,"Greenwich, CT",$7.72,-40%,$0.67,$6.27,$3.68,39500
479,Science Applications International,Information Technology Services,Technology,"Reston, VA",$7.70,4%,$0.30,$5.54,$5.87,25000
480,Ameren,Utilities: Gas and Electric,Energy,"St. Louis, MO",$7.66,20%,$1.07,$37.90,$22.68,9244
481,First American Financial,Insurance: Property and Casualty (Stock),Financials,"Santa Ana, CA",$7.60,-18%,$0.26,$14.96,$5.75,21153
482,Bath & Body Works,Specialty Retailers: Other,Retailing,"Columbus, OH",$7.56,-4%,$0.80,$5.49,$8.37,33000
483,Regions Financial,Commercial Banks,Financials,"Birmingham, AL",$7.53,14%,$2.24,$155.22,$17.35,20073
484,Activision Blizzard,Entertainment,Media,"Santa Monica, CA",$7.53,-14%,$1.51,$27.38,$67.13,13000
485,Avantor,"Scientific, Photographic and Control Equipment",Technology,"Radnor, PA",$7.51,2%,$0.69,$13.46,$14.27,14500
486,Genworth Financial,"Insurance: Life, Health (Stock)",Financials,"Richmond, VA",$7.51,-5%,$0.61,$86.44,$2.48,2500
487,EQT,Energy,Energy,"Pittsburgh, PA",$7.50,(No previous year),$1.77,$22.67,$11.50,744
488,Skechers U.S.A.,Apparel,Apparel,"Manhattan Beach, CA",$7.44,(No previous year),$0.37,$6.89,$7.38,11450
489,Landstar System,"Trucking, Truck Leasing",Transportation,"Jacksonville, FL",$7.44,14%,$0.43,$1.93,$6.46,1449
490,Knight-Swift Transportation Holdings,"Trucking, Truck Leasing",Transportation,"Phoenix, AZ",$7.43,(No previous year),$0.77,$10.95,$9.11,28300
491,SVB Financial Group,Commercial Banks,Financials,"Santa Clara, CA",$7.40,(No previous year),$1.67,$211.79,$0.05,8553
492,Par Pacific Holdings,Petroleum Refining,Energy,"Houston, TX",$7.32,(No previous year),$0.36,$3.28,$1.77,1397
493,Albemarle,Chemicals,Chemicals,"Charlotte, NC",$7.32,(No previous year),$2.69,$15.46,$25.93,7400
494,Vulcan Materials,"Building Materials, Glass",Materials,"Birmingham, AL",$7.32,(No previous year),$0.58,$14.24,$22.83,11974
495,Watsco,Wholesalers: Diversified,Wholesalers,"Miami, FL",$7.27,(No previous year),$0.60,$3.49,$12.35,7238
496,KKR,Securities,Financials,"New York, NY",$7.27,-72%,$0.84,$277.08,$45.22,4150
497,Equinix,Real Estate,Financials,"Redwood City, CA",$7.26,9%,$0.70,$30.31,$66.87,12097
498,Sonoco Products,"Packaging, Containers",Materials,"Hartsville, SC",$7.25,(No previous year),$0.47,$7.05,$5.98,22000
499,ServiceNow,Computer Software,Technology,"Santa Clara, CA",$7.24,(No previous year),$0.32,$13.30,$94.34,20433
500,Robert Half International,Temporary Help,Business Services,"Menlo Park, CA",$7.24,12%,$0.66,$2.96,$8.68,16300
